{
  "1.4_acc": 99.04,
  "1.4_cm": [
    [9907, 93],
    [99, 9901]
  ],
  "2.0_acc": 62.835,
  "2.0_cm": [
    [2666, 7334],
    [99, 9901]
  ],
  "2.1_acc": 63.285,
  "2.1_cm": [
    [2756, 7244],
    [99, 9901]
  ],
  "pad3_acc": 85.565,
  "pad3_cm": [
    [7580, 2420],
    [467, 9533]
  ],
  "pad10_acc": 67.445,
  "pad10_cm": [
    [4032, 5968],
    [543, 9457]
  ],
  "pad30_acc": 55.105,
  "pad30_cm": [
    [1566, 8434],
    [545, 9455]
  ],
  "pad50_acc": 51.195,
  "pad50_cm": [
    [430, 9570],
    [191, 9809]
  ],
  "compress_acc": 83.165,
  "compress_cm": [
    [6775, 3225],
    [142, 9858]
  ],
  "grayscale_acc": 74.675,
  "grayscale_cm": [
    [5052, 4948],
    [117, 9883]
  ],
  "colorjitter_acc": 98.795,
  "colorjitter_cm": [
    [9857, 143],
    [98, 9902]
  ],
  "randomaffine_acc": 59.255,
  "randomaffine_cm": [
    [2054, 7946],
    [203, 9797]
  ],
  "linf_0.01568627450980392_acc": 19.095,
  "linf_0.01568627450980392_cm": [
    [183, 9817],
    [6364, 3636]
  ],
  "linf_0.03137254901960784_acc": 16.975,
  "linf_0.03137254901960784_cm": [
    [148, 9852],
    [6753, 3247]
  ]
}
