{"1.4_acc": 93.815, "1.4_cm": [[8802, 1198], [39, 9961]], "2.0_acc": 99.655, "2.0_cm": [[9970, 30], [39, 9961]], "2.1_acc": 99.655, "2.1_cm": [[9970, 30], [39, 9961]], "pad3_acc": 99.605, "pad3_cm": [[9986, 14], [65, 9935]], "pad10_acc": 98.87, "pad10_cm": [[9981, 19], [207, 9793]], "pad30_acc": 97.125, "pad30_cm": [[9569, 431], [144, 9856]], "pad50_acc": 67.51, "pad50_cm": [[3507, 6493], [5, 9995]], "compress_acc": 66.235, "compress_cm": [[3292, 6708], [45, 9955]], "grayscale_acc": 51.34, "grayscale_cm": [[292, 9708], [24, 9976]], "colorjitter_acc": 98.965, "colorjitter_cm": [[9897, 103], [104, 9896]], "randomaffine_acc": 97.575, "randomaffine_cm": [[9558, 442], [43, 9957]], "linf_0.01568627450980392_acc": 52.265, "linf_0.01568627450980392_cm": [[1911, 8089], [1458, 8542]], "linf_0.03137254901960784_acc": 49.525, "linf_0.03137254901960784_cm": [[1894, 8106], [1989, 8011]]}