{"1.4_acc": 99.94, "1.4_cm": [[9997, 3], [9, 9991]], "2.0_acc": 57.985, "2.0_cm": [[1606, 8394], [9, 9991]], "2.1_acc": 58.065, "2.1_cm": [[1622, 8378], [9, 9991]], "pad3_acc": 99.9, "pad3_cm": [[9997, 3], [17, 9983]], "pad10_acc": 99.84, "pad10_cm": [[9997, 3], [29, 9971]], "pad30_acc": 99.615, "pad30_cm": [[9946, 54], [23, 9977]], "pad50_acc": 94.465, "pad50_cm": [[8900, 1100], [7, 9993]], "compress_acc": 55.645, "compress_cm": [[1132, 8868], [3, 9997]], "grayscale_acc": 50.525, "grayscale_cm": [[109, 9891], [4, 9996]], "colorjitter_acc": 99.855, "colorjitter_cm": [[9991, 9], [20, 9980]], "randomaffine_acc": 99.665, "randomaffine_cm": [[9948, 52], [15, 9985]], "linf_0.01568627450980392_acc": 38.95, "linf_0.01568627450980392_cm": [[408, 9592], [2618, 7382]], "linf_0.03137254901960784_acc": 35.875, "linf_0.03137254901960784_cm": [[332, 9668], [3157, 6843]]}