{"1.4_acc": 86.33, "1.4_cm": [[8368, 1632], [1102, 8898]], "2.0_acc": 89.485, "2.0_cm": [[8999, 1001], [1102, 8898]], "2.1_acc": 89.02, "2.1_cm": [[8906, 1094], [1102, 8898]], "pad3_acc": 80.985, "pad3_cm": [[9717, 283], [3520, 6480]], "pad10_acc": 72.1, "pad10_cm": [[9810, 190], [5390, 4610]], "pad30_acc": 66.45, "pad30_cm": [[9409, 591], [6119, 3881]], "pad50_acc": 62.475, "pad50_cm": [[7434, 2566], [4939, 5061]], "compress_acc": 89.455, "compress_cm": [[8973, 1027], [1082, 8918]], "grayscale_acc": 75.805, "grayscale_cm": [[5679, 4321], [518, 9482]], "colorjitter_acc": 87.975, "colorjitter_cm": [[8707, 1293], [1112, 8888]], "randomaffine_acc": 82.29, "randomaffine_cm": [[8584, 1416], [2126, 7874]], "linf_0.01568627450980392_acc": 4.275, "linf_0.01568627450980392_cm": [[168, 9832], [9313, 687]], "linf_0.03137254901960784_acc": 0.43, "linf_0.03137254901960784_cm": [[5, 9995], [9919, 81]]}