{"1.4_acc": 76.025, "1.4_cm": [[5882, 4118], [677, 9323]], "2.0_acc": 77.72, "2.0_cm": [[6221, 3779], [677, 9323]], "2.1_acc": 77.675, "2.1_cm": [[6212, 3788], [677, 9323]], "pad3_acc": 76.71, "pad3_cm": [[6112, 3888], [770, 9230]], "pad10_acc": 77.75, "pad10_cm": [[6729, 3271], [1179, 8821]], "pad30_acc": 62.325, "pad30_cm": [[2890, 7110], [425, 9575]], "pad50_acc": 56.255, "pad50_cm": [[1477, 8523], [226, 9774]], "compress_acc": 75.845, "compress_cm": [[5848, 4152], [679, 9321]], "grayscale_acc": 62.645, "grayscale_cm": [[2717, 7283], [188, 9812]], "colorjitter_acc": 74.575, "colorjitter_cm": [[5607, 4393], [692, 9308]], "randomaffine_acc": 71.0, "randomaffine_cm": [[4819, 5181], [619, 9381]], "linf_0.01568627450980392_acc": 50.24, "linf_0.01568627450980392_cm": [[2782, 7218], [2734, 7266]], "linf_0.03137254901960784_acc": 47.715, "linf_0.03137254901960784_cm": [[2680, 7320], [3137, 6863]]}