{"1.4_acc": 86.675, "1.4_cm": [[8547, 1453], [1212, 8788]], "2.0_acc": 89.0, "2.0_cm": [[9012, 988], [1212, 8788]], "2.1_acc": 89.15, "2.1_cm": [[9042, 958], [1212, 8788]], "pad3_acc": 88.455, "pad3_cm": [[9221, 779], [1530, 8470]], "pad10_acc": 72.66, "pad10_cm": [[9668, 332], [5136, 4864]], "pad30_acc": 73.6, "pad30_cm": [[9011, 989], [4291, 5709]], "pad50_acc": 67.205, "pad50_cm": [[7145, 2855], [3704, 6296]], "compress_acc": 89.15, "compress_cm": [[9026, 974], [1196, 8804]], "grayscale_acc": 79.33, "grayscale_cm": [[6536, 3464], [670, 9330]], "colorjitter_acc": 87.985, "colorjitter_cm": [[8776, 1224], [1179, 8821]], "randomaffine_acc": 84.255, "randomaffine_cm": [[8645, 1355], [1794, 8206]], "linf_0.01568627450980392_acc": 78.08, "linf_0.01568627450980392_cm": [[7974, 2026], [2358, 7642]], "linf_0.03137254901960784_acc": 61.895, "linf_0.03137254901960784_cm": [[6377, 3623], [3998, 6002]]}