{"linf_0.01568627450980392_acc": 0.8064516129032258, "linf_0.01568627450980392_cm": [[6, 1020], [948, 10]], "linf_0.03137254901960784_acc": 0.0, "linf_0.03137254901960784_cm": [[0, 993], [991, 0]]}