{"1.4_acc": 87.855, "1.4_cm": [[8730, 1270], [1159, 8841]], "2.0_acc": 90.5, "2.0_cm": [[9259, 741], [1159, 8841]], "2.1_acc": 90.29, "2.1_cm": [[9217, 783], [1159, 8841]], "pad3_acc": 90.51, "pad3_cm": [[9185, 815], [1083, 8917]], "pad10_acc": 90.675, "pad10_cm": [[9240, 760], [1105, 8895]], "pad30_acc": 90.575, "pad30_cm": [[9048, 952], [933, 9067]], "pad50_acc": 90.285, "pad50_cm": [[9022, 978], [965, 9035]], "compress_acc": 90.52, "compress_cm": [[9238, 762], [1134, 8866]], "grayscale_acc": 79.285, "grayscale_cm": [[6367, 3633], [510, 9490]], "colorjitter_acc": 89.185, "colorjitter_cm": [[8989, 1011], [1152, 8848]], "randomaffine_acc": 90.225, "randomaffine_cm": [[9064, 936], [1019, 8981]], "linf_0.01568627450980392_acc": 28.865, "linf_0.01568627450980392_cm": [[3506, 6494], [7733, 2267]], "linf_0.03137254901960784_acc": 5.275, "linf_0.03137254901960784_cm": [[610, 9390], [9555, 445]]}