{"1.4_acc": 57.815, "1.4_cm": [[1599, 8401], [36, 9964]], "2.0_acc": 60.695, "2.0_cm": [[2175, 7825], [36, 9964]], "2.1_acc": 60.875, "2.1_cm": [[2211, 7789], [36, 9964]], "pad3_acc": 63.32, "pad3_cm": [[2732, 7268], [68, 9932]], "pad10_acc": 74.89, "pad10_cm": [[5798, 4202], [820, 9180]], "pad30_acc": 60.935, "pad30_cm": [[2339, 7661], [152, 9848]], "pad50_acc": 52.515, "pad50_cm": [[582, 9418], [79, 9921]], "compress_acc": 60.625, "compress_cm": [[2160, 7840], [35, 9965]], "grayscale_acc": 55.325, "grayscale_cm": [[1090, 8910], [25, 9975]], "colorjitter_acc": 60.05, "colorjitter_cm": [[2042, 7958], [32, 9968]], "randomaffine_acc": 59.265, "randomaffine_cm": [[1914, 8086], [61, 9939]], "linf_0.01568627450980392_acc": 45.325, "linf_0.01568627450980392_cm": [[331, 9669], [1266, 8734]], "linf_0.03137254901960784_acc": 39.37, "linf_0.03137254901960784_cm": [[232, 9768], [2358, 7642]]}