{"1.4_acc": 97.435, "1.4_cm": [[9748, 252], [261, 9739]], "2.0_acc": 69.105, "2.0_cm": [[4082, 5918], [261, 9739]], "2.1_acc": 69.375, "2.1_cm": [[4136, 5864], [261, 9739]], "pad3_acc": 86.975, "pad3_cm": [[8321, 1679], [926, 9074]], "pad10_acc": 73.12, "pad10_cm": [[5772, 4228], [1148, 8852]], "pad30_acc": 57.12, "pad30_cm": [[3578, 6422], [2154, 7846]], "pad50_acc": 56.17, "pad50_cm": [[2528, 7472], [1294, 8706]], "compress_acc": 89.8, "compress_cm": [[8248, 1752], [288, 9712]], "grayscale_acc": 85.61, "grayscale_cm": [[7606, 2394], [484, 9516]], "colorjitter_acc": 97.295, "colorjitter_cm": [[9703, 297], [244, 9756]], "randomaffine_acc": 64.12, "randomaffine_cm": [[3265, 6735], [441, 9559]], "linf_0.01568627450980392_acc": 1.045, "linf_0.01568627450980392_cm": [[25, 9975], [9816, 184]], "linf_0.03137254901960784_acc": 0.01, "linf_0.03137254901960784_cm": [[2, 9998], [10000, 0]]}