{"linf_0.01568627450980392_acc": 47.983870967741936, "linf_0.01568627450980392_cm": [[484, 521], [511, 468]], "linf_0.03137254901960784_acc": 17.691532258064516, "linf_0.03137254901960784_cm": [[136, 809], [824, 215]]}