{"1.4_acc": 86.46, "1.4_cm": [[8326, 1674], [1034, 8966]], "2.0_acc": 89.395, "2.0_cm": [[8913, 1087], [1034, 8966]], "2.1_acc": 89.025, "2.1_cm": [[8839, 1161], [1034, 8966]], "pad3_acc": 77.715, "pad3_cm": [[9753, 247], [4210, 5790]], "pad10_acc": 69.365, "pad10_cm": [[9793, 207], [5920, 4080]], "pad30_acc": 68.37, "pad30_cm": [[9071, 929], [5397, 4603]], "pad50_acc": 61.46, "pad50_cm": [[7331, 2669], [5039, 4961]], "compress_acc": 89.36, "compress_cm": [[8887, 1113], [1015, 8985]], "grayscale_acc": 77.155, "grayscale_cm": [[6006, 3994], [575, 9425]], "colorjitter_acc": 87.91, "colorjitter_cm": [[8654, 1346], [1072, 8928]], "randomaffine_acc": 82.525, "randomaffine_cm": [[8574, 1426], [2069, 7931]], "linf_0.01568627450980392_acc": 89.005, "linf_0.01568627450980392_cm": [[8900, 1100], [1099, 8901]], "linf_0.03137254901960784_acc": 88.83, "linf_0.03137254901960784_cm": [[8877, 1123], [1111, 8889]]}