{"linf_0.01568627450980392_acc": 49.243951612903224, "linf_0.01568627450980392_cm": [[489, 481], [526, 488]], "linf_0.03137254901960784_acc": 18.49798387096774, "linf_0.03137254901960784_cm": [[145, 795], [822, 222]]}