{"1.4_acc": 86.005, "1.4_cm": [[8277, 1723], [1076, 8924]], "2.0_acc": 88.825, "2.0_cm": [[8841, 1159], [1076, 8924]], "2.1_acc": 88.48, "2.1_cm": [[8772, 1228], [1076, 8924]], "pad3_acc": 88.615, "pad3_cm": [[8939, 1061], [1216, 8784]], "pad10_acc": 68.815, "pad10_cm": [[9616, 384], [5853, 4147]], "pad30_acc": 73.245, "pad30_cm": [[8578, 1422], [3929, 6071]], "pad50_acc": 66.04, "pad50_cm": [[6195, 3805], [2987, 7013]], "compress_acc": 88.78, "compress_cm": [[8819, 1181], [1063, 8937]], "grayscale_acc": 78.625, "grayscale_cm": [[6365, 3635], [640, 9360]], "colorjitter_acc": 87.43, "colorjitter_cm": [[8570, 1430], [1084, 8916]], "randomaffine_acc": 80.735, "randomaffine_cm": [[8498, 1502], [2351, 7649]], "linf_0.01568627450980392_acc": 76.465, "linf_0.01568627450980392_cm": [[7544, 2456], [2251, 7749]], "linf_0.03137254901960784_acc": 59.015, "linf_0.03137254901960784_cm": [[5757, 4243], [3954, 6046]]}