{"1.4_acc": 97.435, "1.4_cm": [[9748, 252], [261, 9739]], "2.0_acc": 69.105, "2.0_cm": [[4082, 5918], [261, 9739]], "2.1_acc": 69.375, "2.1_cm": [[4136, 5864], [261, 9739]], "pad3_acc": 86.975, "pad3_cm": [[8321, 1679], [926, 9074]], "pad10_acc": 73.12, "pad10_cm": [[5772, 4228], [1148, 8852]], "pad30_acc": 57.12, "pad30_cm": [[3578, 6422], [2154, 7846]], "pad50_acc": 56.17, "pad50_cm": [[2528, 7472], [1294, 8706]], "compress_acc": 90.145, "compress_cm": [[8307, 1693], [278, 9722]], "grayscale_acc": 85.61, "grayscale_cm": [[7606, 2394], [484, 9516]], "colorjitter_acc": 97.26, "colorjitter_cm": [[9709, 291], [257, 9743]], "randomaffine_acc": 64.14, "randomaffine_cm": [[3302, 6698], [474, 9526]], "linf_0.01568627450980392_acc": 94.065, "linf_0.01568627450980392_cm": [[9358, 642], [545, 9455]], "linf_0.03137254901960784_acc": 91.235, "linf_0.03137254901960784_cm": [[8889, 1111], [642, 9358]]}