{"1.4_acc": 87.85, "1.4_cm": [[8593, 1407], [1023, 8977]], "2.0_acc": 90.585, "2.0_cm": [[9140, 860], [1023, 8977]], "2.1_acc": 90.74, "2.1_cm": [[9171, 829], [1023, 8977]], "pad3_acc": 90.75, "pad3_cm": [[9028, 972], [878, 9122]], "pad10_acc": 90.755, "pad10_cm": [[9109, 891], [958, 9042]], "pad30_acc": 90.44, "pad30_cm": [[9015, 985], [927, 9073]], "pad50_acc": 90.305, "pad50_cm": [[9041, 959], [980, 9020]], "compress_acc": 90.645, "compress_cm": [[9130, 870], [1001, 8999]], "grayscale_acc": 77.945, "grayscale_cm": [[6025, 3975], [436, 9564]], "colorjitter_acc": 89.28, "colorjitter_cm": [[8870, 1130], [1014, 8986]], "randomaffine_acc": 90.21, "randomaffine_cm": [[8960, 1040], [918, 9082]], "linf_0.01568627450980392_acc": 26.335, "linf_0.01568627450980392_cm": [[3102, 6898], [7835, 2165]], "linf_0.03137254901960784_acc": 4.895, "linf_0.03137254901960784_cm": [[439, 9561], [9460, 540]]}