{"1.4_acc": 99.04, "1.4_cm": [[9907, 93], [99, 9901]], "2.0_acc": 62.835, "2.0_cm": [[2666, 7334], [99, 9901]], "2.1_acc": 63.285, "2.1_cm": [[2756, 7244], [99, 9901]], "pad3_acc": 85.565, "pad3_cm": [[7580, 2420], [467, 9533]], "pad10_acc": 67.445, "pad10_cm": [[4032, 5968], [543, 9457]], "pad30_acc": 55.105, "pad30_cm": [[1566, 8434], [545, 9455]], "pad50_acc": 51.195, "pad50_cm": [[430, 9570], [191, 9809]], "compress_acc": 82.875, "compress_cm": [[6703, 3297], [128, 9872]], "grayscale_acc": 74.725, "grayscale_cm": [[5063, 4937], [118, 9882]], "colorjitter_acc": 98.89, "colorjitter_cm": [[9873, 127], [95, 9905]], "randomaffine_acc": 58.94, "randomaffine_cm": [[1973, 8027], [185, 9815]], "linf_0.01568627450980392_acc": 0.0, "linf_0.01568627450980392_cm": [[0, 356], [316, 0]], "linf_0.03137254901960784_acc": 0.0, "linf_0.03137254901960784_cm": [[0, 346], [326, 0]]}