{"1.4_acc": 53.105, "1.4_cm": [[640, 9360], [19, 9981]], "2.0_acc": 54.815, "2.0_cm": [[982, 9018], [19, 9981]], "2.1_acc": 54.54, "2.1_cm": [[927, 9073], [19, 9981]], "pad3_acc": 55.065, "pad3_cm": [[1032, 8968], [19, 9981]], "pad10_acc": 60.505, "pad10_cm": [[3114, 6886], [1013, 8987]], "pad30_acc": 51.335, "pad30_cm": [[651, 9349], [384, 9616]], "pad50_acc": 49.685, "pad50_cm": [[94, 9906], [157, 9843]], "compress_acc": 54.555, "compress_cm": [[928, 9072], [17, 9983]], "grayscale_acc": 51.87, "grayscale_cm": [[385, 9615], [11, 9989]], "colorjitter_acc": 54.59, "colorjitter_cm": [[936, 9064], [18, 9982]], "randomaffine_acc": 52.875, "randomaffine_cm": [[606, 9394], [31, 9969]], "linf_0.01568627450980392_acc": 49.195, "linf_0.01568627450980392_cm": [[1964, 8036], [2125, 7875]], "linf_0.03137254901960784_acc": 44.93, "linf_0.03137254901960784_cm": [[1751, 8249], [2765, 7235]]}