{"1.4_acc": 85.945, "1.4_cm": [[8309, 1691], [1120, 8880]], "2.0_acc": 88.93, "2.0_cm": [[8906, 1094], [1120, 8880]], "2.1_acc": 89.04, "2.1_cm": [[8928, 1072], [1120, 8880]], "pad3_acc": 83.8, "pad3_cm": [[9503, 497], [2743, 7257]], "pad10_acc": 74.2, "pad10_cm": [[9742, 258], [4902, 5098]], "pad30_acc": 69.515, "pad30_cm": [[8301, 1699], [4398, 5602]], "pad50_acc": 56.61, "pad50_cm": [[5173, 4827], [3851, 6149]], "compress_acc": 89.045, "compress_cm": [[8908, 1092], [1099, 8901]], "grayscale_acc": 76.07, "grayscale_cm": [[5752, 4248], [538, 9462]], "colorjitter_acc": 87.875, "colorjitter_cm": [[8707, 1293], [1132, 8868]], "randomaffine_acc": 82.73, "randomaffine_cm": [[8138, 1862], [1592, 8408]], "linf_0.01568627450980392_acc": 88.76, "linf_0.01568627450980392_cm": [[8914, 1086], [1162, 8838]], "linf_0.03137254901960784_acc": 88.595, "linf_0.03137254901960784_cm": [[8886, 1114], [1167, 8833]]}