{"1.4_acc": 87.28, "1.4_cm": [[8765, 1235], [1309, 8691]], "2.0_acc": 88.31, "2.0_cm": [[8971, 1029], [1309, 8691]], "2.1_acc": 88.165, "2.1_cm": [[8942, 1058], [1309, 8691]], "pad3_acc": 87.085, "pad3_cm": [[8836, 1164], [1419, 8581]], "pad10_acc": 72.82, "pad10_cm": [[9423, 577], [4859, 5141]], "pad30_acc": 69.98, "pad30_cm": [[7943, 2057], [3947, 6053]], "pad50_acc": 57.99, "pad50_cm": [[5770, 4230], [4172, 5828]], "compress_acc": 87.23, "compress_cm": [[8748, 1252], [1302, 8698]], "grayscale_acc": 77.55, "grayscale_cm": [[6383, 3617], [873, 9127]], "colorjitter_acc": 86.165, "colorjitter_cm": [[8517, 1483], [1284, 8716]], "randomaffine_acc": 81.265, "randomaffine_cm": [[8055, 1945], [1802, 8198]], "linf_0.01568627450980392_acc": 72.57, "linf_0.01568627450980392_cm": [[7249, 2751], [2735, 7265]], "linf_0.03137254901960784_acc": 54.145, "linf_0.03137254901960784_cm": [[5275, 4725], [4446, 5554]]}