{"1.4_acc": 86.205, "1.4_cm": [[8308, 1692], [1067, 8933]], "2.0_acc": 89.025, "2.0_cm": [[8872, 1128], [1067, 8933]], "2.1_acc": 89.14, "2.1_cm": [[8895, 1105], [1067, 8933]], "pad3_acc": 80.08, "pad3_cm": [[9692, 308], [3676, 6324]], "pad10_acc": 67.87, "pad10_cm": [[9836, 164], [6262, 3738]], "pad30_acc": 67.29, "pad30_cm": [[9253, 747], [5795, 4205]], "pad50_acc": 62.165, "pad50_cm": [[6980, 3020], [4547, 5453]], "compress_acc": 89.09, "compress_cm": [[8863, 1137], [1045, 8955]], "grayscale_acc": 76.32, "grayscale_cm": [[5848, 4152], [584, 9416]], "colorjitter_acc": 87.835, "colorjitter_cm": [[8619, 1381], [1052, 8948]], "randomaffine_acc": 81.98, "randomaffine_cm": [[8277, 1723], [1881, 8119]], "linf_0.01568627450980392_acc": 4.515, "linf_0.01568627450980392_cm": [[145, 9855], [9242, 758]], "linf_0.03137254901960784_acc": 0.56, "linf_0.03137254901960784_cm": [[4, 9996], [9892, 108]]}