{"1.4_acc": 52.295, "1.4_cm": [[474, 9526], [15, 9985]], "2.0_acc": 53.36, "2.0_cm": [[687, 9313], [15, 9985]], "2.1_acc": 53.535, "2.1_cm": [[722, 9278], [15, 9985]], "pad3_acc": 54.395, "pad3_cm": [[895, 9105], [16, 9984]], "pad10_acc": 58.825, "pad10_cm": [[1820, 8180], [55, 9945]], "pad30_acc": 53.485, "pad30_cm": [[933, 9067], [236, 9764]], "pad50_acc": 50.02, "pad50_cm": [[4, 9996], [0, 10000]], "compress_acc": 53.295, "compress_cm": [[674, 9326], [15, 9985]], "grayscale_acc": 50.97, "grayscale_cm": [[199, 9801], [5, 9995]], "colorjitter_acc": 53.245, "colorjitter_cm": [[667, 9333], [18, 9982]], "randomaffine_acc": 53.455, "randomaffine_cm": [[710, 9290], [19, 9981]], "linf_0.01568627450980392_acc": 34.335, "linf_0.01568627450980392_cm": [[1988, 8012], [5121, 4879]], "linf_0.03137254901960784_acc": 32.87, "linf_0.03137254901960784_cm": [[1706, 8294], [5132, 4868]]}