{"1.4_acc": 86.995, "1.4_cm": [[8337, 1663], [938, 9062]], "2.0_acc": 90.28, "2.0_cm": [[8994, 1006], [938, 9062]], "2.1_acc": 90.425, "2.1_cm": [[9023, 977], [938, 9062]], "pad3_acc": 83.125, "pad3_cm": [[9700, 300], [3075, 6925]], "pad10_acc": 78.55, "pad10_cm": [[9681, 319], [3971, 6029]], "pad30_acc": 66.855, "pad30_cm": [[8362, 1638], [4991, 5009]], "pad50_acc": 53.035, "pad50_cm": [[626, 9374], [19, 9981]], "compress_acc": 90.435, "compress_cm": [[8997, 1003], [910, 9090]], "grayscale_acc": 77.92, "grayscale_cm": [[6193, 3807], [609, 9391]], "colorjitter_acc": 87.825, "colorjitter_cm": [[8523, 1477], [958, 9042]], "randomaffine_acc": 78.545, "randomaffine_cm": [[8508, 1492], [2799, 7201]], "linf_0.01568627450980392_acc": 5.654761904761905, "linf_0.01568627450980392_cm": [[4, 349], [285, 34]], "linf_0.03137254901960784_acc": 0.5952380952380952, "linf_0.03137254901960784_cm": [[0, 341], [327, 4]]}