{"1.4_acc": 89.075, "1.4_cm": [[8921, 1079], [1106, 8894]], "2.0_acc": 89.565, "2.0_cm": [[9019, 981], [1106, 8894]], "2.1_acc": 89.275, "2.1_cm": [[8961, 1039], [1106, 8894]], "pad3_acc": 84.82, "pad3_cm": [[9449, 551], [2485, 7515]], "pad10_acc": 71.985, "pad10_cm": [[9715, 285], [5318, 4682]], "pad30_acc": 67.525, "pad30_cm": [[8080, 1920], [4575, 5425]], "pad50_acc": 52.25, "pad50_cm": [[491, 9509], [41, 9959]], "compress_acc": 88.93, "compress_cm": [[8896, 1104], [1110, 8890]], "grayscale_acc": 76.815, "grayscale_cm": [[6292, 3708], [929, 9071]], "colorjitter_acc": 86.575, "colorjitter_cm": [[8474, 1526], [1159, 8841]], "randomaffine_acc": 75.77, "randomaffine_cm": [[8491, 1509], [3337, 6663]], "linf_0.01568627450980392_acc": 88.325, "linf_0.01568627450980392_cm": [[8863, 1137], [1198, 8802]], "linf_0.03137254901960784_acc": 87.935, "linf_0.03137254901960784_cm": [[8823, 1177], [1236, 8764]]}