{"1.4_acc": 86.39, "1.4_cm": [[8617, 1383], [1339, 8661]], "2.0_acc": 88.07, "2.0_cm": [[8953, 1047], [1339, 8661]], "2.1_acc": 87.735, "2.1_cm": [[8886, 1114], [1339, 8661]], "pad3_acc": 84.29, "pad3_cm": [[8982, 1018], [2124, 7876]], "pad10_acc": 68.605, "pad10_cm": [[9661, 339], [5940, 4060]], "pad30_acc": 61.875, "pad30_cm": [[8659, 1341], [6284, 3716]], "pad50_acc": 52.585, "pad50_cm": [[552, 9448], [35, 9965]], "compress_acc": 86.37, "compress_cm": [[8597, 1403], [1323, 8677]], "grayscale_acc": 73.76, "grayscale_cm": [[5322, 4678], [570, 9430]], "colorjitter_acc": 84.37, "colorjitter_cm": [[8196, 1804], [1322, 8678]], "randomaffine_acc": 73.65, "randomaffine_cm": [[8784, 1216], [4054, 5946]], "linf_0.01568627450980392_acc": 73.36309523809524, "linf_0.01568627450980392_cm": [[235, 92], [87, 258]], "linf_0.03137254901960784_acc": 50.148809523809526, "linf_0.03137254901960784_cm": [[165, 176], [159, 172]]}