{"1.4_acc": 86.385, "1.4_cm": [[8617, 1383], [1340, 8660]], "2.0_acc": 88.065, "2.0_cm": [[8953, 1047], [1340, 8660]], "2.1_acc": 87.73, "2.1_cm": [[8886, 1114], [1340, 8660]], "pad3_acc": 84.285, "pad3_cm": [[8981, 1019], [2124, 7876]], "pad10_acc": 68.61, "pad10_cm": [[9661, 339], [5939, 4061]], "pad30_acc": 61.875, "pad30_cm": [[8659, 1341], [6284, 3716]], "pad50_acc": 52.585, "pad50_cm": [[552, 9448], [35, 9965]], "compress_acc": 86.42, "compress_cm": [[8589, 1411], [1305, 8695]], "grayscale_acc": 73.76, "grayscale_cm": [[5322, 4678], [570, 9430]], "colorjitter_acc": 84.36, "colorjitter_cm": [[8203, 1797], [1331, 8669]], "randomaffine_acc": 73.67, "randomaffine_cm": [[8793, 1207], [4059, 5941]], "linf_0.01568627450980392_acc": 71.595, "linf_0.01568627450980392_cm": [[7021, 2979], [2702, 7298]], "linf_0.03137254901960784_acc": 51.055, "linf_0.03137254901960784_cm": [[4905, 5095], [4694, 5306]]}