{"1.4_acc": 86.75, "1.4_cm": [[8343, 1657], [993, 9007]], "2.0_acc": 90.01, "2.0_cm": [[8995, 1005], [993, 9007]], "2.1_acc": 90.165, "2.1_cm": [[9026, 974], [993, 9007]], "pad3_acc": 87.465, "pad3_cm": [[9459, 541], [1966, 8034]], "pad10_acc": 77.375, "pad10_cm": [[9661, 339], [4186, 5814]], "pad30_acc": 73.295, "pad30_cm": [[8155, 1845], [3496, 6504]], "pad50_acc": 55.97, "pad50_cm": [[1319, 8681], [125, 9875]], "compress_acc": 90.105, "compress_cm": [[8992, 1008], [971, 9029]], "grayscale_acc": 78.71, "grayscale_cm": [[6473, 3527], [731, 9269]], "colorjitter_acc": 87.845, "colorjitter_cm": [[8593, 1407], [1024, 8976]], "randomaffine_acc": 80.655, "randomaffine_cm": [[8491, 1509], [2360, 7640]], "linf_0.01568627450980392_acc": 8.482142857142858, "linf_0.01568627450980392_cm": [[5, 323], [292, 52]], "linf_0.03137254901960784_acc": 0.44642857142857145, "linf_0.03137254901960784_cm": [[0, 354], [315, 3]]}