{"1.4_acc": 89.59, "1.4_cm": [[9174, 826], [1256, 8744]], "2.0_acc": 89.775, "2.0_cm": [[9211, 789], [1256, 8744]], "2.1_acc": 89.455, "2.1_cm": [[9147, 853], [1256, 8744]], "pad3_acc": 89.54, "pad3_cm": [[9141, 859], [1233, 8767]], "pad10_acc": 89.07, "pad10_cm": [[9048, 952], [1234, 8766]], "pad30_acc": 89.265, "pad30_cm": [[8929, 1071], [1076, 8924]], "pad50_acc": 89.325, "pad50_cm": [[9030, 970], [1165, 8835]], "compress_acc": 89.475, "compress_cm": [[9144, 856], [1249, 8751]], "grayscale_acc": 79.115, "grayscale_cm": [[7239, 2761], [1416, 8584]], "colorjitter_acc": 87.225, "colorjitter_cm": [[8727, 1273], [1282, 8718]], "randomaffine_acc": 89.135, "randomaffine_cm": [[9154, 846], [1327, 8673]], "linf_0.01568627450980392_acc": 8.630952380952381, "linf_0.01568627450980392_cm": [[3, 326], [288, 55]], "linf_0.03137254901960784_acc": 1.7857142857142858, "linf_0.03137254901960784_cm": [[1, 360], [300, 11]]}