{"1.4_acc": 87.845, "1.4_cm": [[8674, 1326], [1105, 8895]], "2.0_acc": 90.755, "2.0_cm": [[9256, 744], [1105, 8895]], "2.1_acc": 90.525, "2.1_cm": [[9210, 790], [1105, 8895]], "pad3_acc": 90.775, "pad3_cm": [[9230, 770], [1075, 8925]], "pad10_acc": 90.57, "pad10_cm": [[9115, 885], [1001, 8999]], "pad30_acc": 90.58, "pad30_cm": [[9080, 920], [964, 9036]], "pad50_acc": 90.16, "pad50_cm": [[9059, 941], [1027, 8973]], "compress_acc": 90.78, "compress_cm": [[9236, 764], [1080, 8920]], "grayscale_acc": 81.08, "grayscale_cm": [[7138, 2862], [922, 9078]], "colorjitter_acc": 88.395, "colorjitter_cm": [[8782, 1218], [1103, 8897]], "randomaffine_acc": 90.31, "randomaffine_cm": [[9203, 797], [1141, 8859]], "linf_0.01568627450980392_acc": 9.523809523809524, "linf_0.01568627450980392_cm": [[13, 311], [297, 51]], "linf_0.03137254901960784_acc": 2.232142857142857, "linf_0.03137254901960784_cm": [[0, 338], [319, 15]]}