{"1.4_acc": 86.915, "1.4_cm": [[8346, 1654], [963, 9037]], "2.0_acc": 90.275, "2.0_cm": [[9018, 982], [963, 9037]], "2.1_acc": 89.945, "2.1_cm": [[8952, 1048], [963, 9037]], "pad3_acc": 86.035, "pad3_cm": [[9540, 460], [2333, 7667]], "pad10_acc": 75.825, "pad10_cm": [[9643, 357], [4478, 5522]], "pad30_acc": 67.005, "pad30_cm": [[8423, 1577], [5022, 4978]], "pad50_acc": 54.7, "pad50_cm": [[1013, 8987], [73, 9927]], "compress_acc": 90.16, "compress_cm": [[8976, 1024], [944, 9056]], "grayscale_acc": 78.435, "grayscale_cm": [[6246, 3754], [559, 9441]], "colorjitter_acc": 87.47, "colorjitter_cm": [[8501, 1499], [1007, 8993]], "randomaffine_acc": 77.8, "randomaffine_cm": [[8520, 1480], [2960, 7040]], "linf_0.01568627450980392_acc": 89.655, "linf_0.01568627450980392_cm": [[8979, 1021], [1048, 8952]], "linf_0.03137254901960784_acc": 89.4, "linf_0.03137254901960784_cm": [[8926, 1074], [1046, 8954]]}