{"1.4_acc": 81.845, "1.4_cm": [[8290, 1710], [1921, 8079]], "2.0_acc": 83.195, "2.0_cm": [[8560, 1440], [1921, 8079]], "2.1_acc": 82.57, "2.1_cm": [[8435, 1565], [1921, 8079]], "pad3_acc": 80.91, "pad3_cm": [[8584, 1416], [2402, 7598]], "pad10_acc": 65.115, "pad10_cm": [[9429, 571], [6406, 3594]], "pad30_acc": 55.7, "pad30_cm": [[9101, 899], [7961, 2039]], "pad50_acc": 53.245, "pad50_cm": [[682, 9318], [33, 9967]], "compress_acc": 81.815, "compress_cm": [[8257, 1743], [1894, 8106]], "grayscale_acc": 71.26, "grayscale_cm": [[4979, 5021], [727, 9273]], "colorjitter_acc": 81.14, "colorjitter_cm": [[8223, 1777], [1995, 8005]], "randomaffine_acc": 66.05, "randomaffine_cm": [[8285, 1715], [5075, 4925]], "linf_0.01568627450980392_acc": 28.335, "linf_0.01568627450980392_cm": [[5425, 4575], [9758, 242]], "linf_0.03137254901960784_acc": 23.515, "linf_0.03137254901960784_cm": [[4468, 5532], [9765, 235]]}