{"1.4_acc": 88.005, "1.4_cm": [[8761, 1239], [1160, 8840]], "2.0_acc": 90.585, "2.0_cm": [[9277, 723], [1160, 8840]], "2.1_acc": 90.67, "2.1_cm": [[9294, 706], [1160, 8840]], "pad3_acc": 90.795, "pad3_cm": [[9311, 689], [1152, 8848]], "pad10_acc": 90.66, "pad10_cm": [[9166, 834], [1034, 8966]], "pad30_acc": 90.615, "pad30_cm": [[9066, 934], [943, 9057]], "pad50_acc": 90.415, "pad50_cm": [[9109, 891], [1026, 8974]], "compress_acc": 90.75, "compress_cm": [[9257, 743], [1107, 8893]], "grayscale_acc": 81.085, "grayscale_cm": [[7262, 2738], [1045, 8955]], "colorjitter_acc": 88.765, "colorjitter_cm": [[8851, 1149], [1098, 8902]], "randomaffine_acc": 90.63, "randomaffine_cm": [[9215, 785], [1089, 8911]], "linf_0.01568627450980392_acc": 9.805, "linf_0.01568627450980392_cm": [[406, 9594], [8445, 1555]], "linf_0.03137254901960784_acc": 2.59, "linf_0.03137254901960784_cm": [[20, 9980], [9502, 498]]}