{"linf_0.01568627450980392_acc": 58.215725806451616, "linf_0.01568627450980392_cm": [[573, 414], [415, 582]], "linf_0.03137254901960784_acc": 30.342741935483872, "linf_0.03137254901960784_cm": [[226, 790], [592, 376]]}