{"1.4_acc": 85.115, "1.4_cm": [[8345, 1655], [1322, 8678]], "2.0_acc": 88.19, "2.0_cm": [[8960, 1040], [1322, 8678]], "2.1_acc": 88.07, "2.1_cm": [[8936, 1064], [1322, 8678]], "pad3_acc": 85.625, "pad3_cm": [[9134, 866], [2009, 7991]], "pad10_acc": 67.79, "pad10_cm": [[9647, 353], [6089, 3911]], "pad30_acc": 63.06, "pad30_cm": [[9035, 965], [6423, 3577]], "pad50_acc": 60.845, "pad50_cm": [[3753, 6247], [1584, 8416]], "compress_acc": 88.065, "compress_cm": [[8914, 1086], [1301, 8699]], "grayscale_acc": 77.565, "grayscale_cm": [[6127, 3873], [614, 9386]], "colorjitter_acc": 85.93, "colorjitter_cm": [[8496, 1504], [1310, 8690]], "randomaffine_acc": 75.075, "randomaffine_cm": [[9127, 873], [4112, 5888]], "linf_0.01568627450980392_acc": 75.07, "linf_0.01568627450980392_cm": [[7782, 2218], [2768, 7232]], "linf_0.03137254901960784_acc": 56.975, "linf_0.03137254901960784_cm": [[6212, 3788], [4817, 5183]]}