{"1.4_acc": 89.595, "1.4_cm": [[9175, 825], [1256, 8744]], "2.0_acc": 89.775, "2.0_cm": [[9211, 789], [1256, 8744]], "2.1_acc": 89.455, "2.1_cm": [[9147, 853], [1256, 8744]], "pad3_acc": 89.54, "pad3_cm": [[9141, 859], [1233, 8767]], "pad10_acc": 89.07, "pad10_cm": [[9048, 952], [1234, 8766]], "pad30_acc": 89.27, "pad30_cm": [[8929, 1071], [1075, 8925]], "pad50_acc": 89.325, "pad50_cm": [[9030, 970], [1165, 8835]], "compress_acc": 89.46, "compress_cm": [[9130, 870], [1238, 8762]], "grayscale_acc": 79.12, "grayscale_cm": [[7240, 2760], [1416, 8584]], "colorjitter_acc": 87.39, "colorjitter_cm": [[8749, 1251], [1271, 8729]], "randomaffine_acc": 88.945, "randomaffine_cm": [[9107, 893], [1318, 8682]], "linf_0.01568627450980392_acc": 8.33, "linf_0.01568627450980392_cm": [[171, 9829], [8505, 1495]], "linf_0.03137254901960784_acc": 2.33, "linf_0.03137254901960784_cm": [[14, 9986], [9548, 452]]}