{"1.4_acc": 50.005, "1.4_cm": [[1, 9999], [0, 10000]], "2.0_acc": 50.005, "2.0_cm": [[1, 9999], [0, 10000]], "2.1_acc": 50.0, "2.1_cm": [[0, 10000], [0, 10000]], "pad3_acc": 50.005, "pad3_cm": [[1, 9999], [0, 10000]], "pad10_acc": 50.01, "pad10_cm": [[2, 9998], [0, 10000]], "pad30_acc": 50.005, "pad30_cm": [[1, 9999], [0, 10000]], "pad50_acc": 50.0, "pad50_cm": [[0, 10000], [0, 10000]], "compress_acc": 50.005, "compress_cm": [[1, 9999], [0, 10000]], "grayscale_acc": 50.005, "grayscale_cm": [[1, 9999], [0, 10000]], "colorjitter_acc": 50.005, "colorjitter_cm": [[1, 9999], [0, 10000]], "randomaffine_acc": 50.0, "randomaffine_cm": [[0, 10000], [0, 10000]], "linf_0.01568627450980392_acc": 48.28, "linf_0.01568627450980392_cm": [[5, 9995], [349, 9651]], "linf_0.03137254901960784_acc": 47.515, "linf_0.03137254901960784_cm": [[4, 9996], [501, 9499]]}