{"1.4_acc": 86.995, "1.4_cm": [[8337, 1663], [938, 9062]], "2.0_acc": 90.28, "2.0_cm": [[8994, 1006], [938, 9062]], "2.1_acc": 90.425, "2.1_cm": [[9023, 977], [938, 9062]], "pad3_acc": 83.125, "pad3_cm": [[9700, 300], [3075, 6925]], "pad10_acc": 78.55, "pad10_cm": [[9681, 319], [3971, 6029]], "pad30_acc": 66.855, "pad30_cm": [[8362, 1638], [4991, 5009]], "pad50_acc": 53.035, "pad50_cm": [[626, 9374], [19, 9981]], "compress_acc": 90.415, "compress_cm": [[8973, 1027], [890, 9110]], "grayscale_acc": 77.92, "grayscale_cm": [[6193, 3807], [609, 9391]], "colorjitter_acc": 88.035, "colorjitter_cm": [[8537, 1463], [930, 9070]], "randomaffine_acc": 78.885, "randomaffine_cm": [[8535, 1465], [2758, 7242]], "linf_0.01568627450980392_acc": 4.745, "linf_0.01568627450980392_cm": [[44, 9956], [9095, 905]], "linf_0.03137254901960784_acc": 0.57, "linf_0.03137254901960784_cm": [[1, 9999], [9887, 113]]}