{"linf_0.01568627450980392_acc": 50.0, "linf_0.01568627450980392_cm": [[487, 532], [460, 505]], "linf_0.03137254901960784_acc": 24.143145161290324, "linf_0.03137254901960784_cm": [[129, 890], [615, 350]]}