{"linf_0.01568627450980392_acc": 57.45967741935484, "linf_0.01568627450980392_cm": [[578, 432], [412, 562]], "linf_0.03137254901960784_acc": 30.99798387096774, "linf_0.03137254901960784_cm": [[220, 740], [629, 395]]}