{"1.4_acc": 89.05, "1.4_cm": [[8913, 1087], [1103, 8897]], "2.0_acc": 89.52, "2.0_cm": [[9007, 993], [1103, 8897]], "2.1_acc": 89.16, "2.1_cm": [[8935, 1065], [1103, 8897]], "pad3_acc": 84.975, "pad3_cm": [[9439, 561], [2444, 7556]], "pad10_acc": 72.25, "pad10_cm": [[9718, 282], [5268, 4732]], "pad30_acc": 67.5, "pad30_cm": [[8061, 1939], [4561, 5439]], "pad50_acc": 52.13, "pad50_cm": [[469, 9531], [43, 9957]], "compress_acc": 88.9, "compress_cm": [[8878, 1122], [1098, 8902]], "grayscale_acc": 76.49, "grayscale_cm": [[6204, 3796], [906, 9094]], "colorjitter_acc": 86.72, "colorjitter_cm": [[8434, 1566], [1090, 8910]], "randomaffine_acc": 75.795, "randomaffine_cm": [[8452, 1548], [3293, 6707]], "linf_0.01568627450980392_acc": 5.357142857142857, "linf_0.01568627450980392_cm": [[0, 332], [304, 36]], "linf_0.03137254901960784_acc": 0.7440476190476191, "linf_0.03137254901960784_cm": [[0, 333], [334, 5]]}