{"1.4_acc": 88.805, "1.4_cm": [[8902, 1098], [1141, 8859]], "2.0_acc": 89.125, "2.0_cm": [[8966, 1034], [1141, 8859]], "2.1_acc": 89.15, "2.1_cm": [[8971, 1029], [1141, 8859]], "pad3_acc": 82.65, "pad3_cm": [[9632, 368], [3102, 6898]], "pad10_acc": 75.92, "pad10_cm": [[9644, 356], [4460, 5540]], "pad30_acc": 64.305, "pad30_cm": [[8502, 1498], [5641, 4359]], "pad50_acc": 50.615, "pad50_cm": [[126, 9874], [3, 9997]], "compress_acc": 88.74, "compress_cm": [[8881, 1119], [1133, 8867]], "grayscale_acc": 76.685, "grayscale_cm": [[6307, 3693], [970, 9030]], "colorjitter_acc": 86.595, "colorjitter_cm": [[8459, 1541], [1140, 8860]], "randomaffine_acc": 75.865, "randomaffine_cm": [[8093, 1907], [2920, 7080]], "linf_0.01568627450980392_acc": 2.6785714285714284, "linf_0.01568627450980392_cm": [[0, 353], [301, 18]], "linf_0.03137254901960784_acc": 0.0, "linf_0.03137254901960784_cm": [[0, 344], [328, 0]]}