{"1.4_acc": 67.445, "1.4_cm": [[6860, 3140], [3371, 6629]], "2.0_acc": 68.69, "2.0_cm": [[7109, 2891], [3371, 6629]], "2.1_acc": 68.675, "2.1_cm": [[7106, 2894], [3371, 6629]], "pad3_acc": 67.405, "pad3_cm": [[7607, 2393], [4126, 5874]], "pad10_acc": 62.445, "pad10_cm": [[7630, 2370], [5141, 4859]], "pad30_acc": 51.56, "pad30_cm": [[3849, 6151], [3537, 6463]], "pad50_acc": 49.82, "pad50_cm": [[810, 9190], [846, 9154]], "compress_acc": 68.72, "compress_cm": [[7115, 2885], [3371, 6629]], "grayscale_acc": 66.645, "grayscale_cm": [[6043, 3957], [2714, 7286]], "colorjitter_acc": 67.71, "colorjitter_cm": [[6814, 3186], [3272, 6728]], "randomaffine_acc": 61.97, "randomaffine_cm": [[5981, 4019], [3587, 6413]], "linf_0.01568627450980392_acc": 40.975, "linf_0.01568627450980392_cm": [[4240, 5760], [6045, 3955]], "linf_0.03137254901960784_acc": 38.055, "linf_0.03137254901960784_cm": [[3745, 6255], [6134, 3866]]}