{"1.4_acc": 87.845, "1.4_cm": [[8674, 1326], [1105, 8895]], "2.0_acc": 90.755, "2.0_cm": [[9256, 744], [1105, 8895]], "2.1_acc": 90.525, "2.1_cm": [[9210, 790], [1105, 8895]], "pad3_acc": 90.775, "pad3_cm": [[9230, 770], [1075, 8925]], "pad10_acc": 90.57, "pad10_cm": [[9115, 885], [1001, 8999]], "pad30_acc": 90.58, "pad30_cm": [[9080, 920], [964, 9036]], "pad50_acc": 90.16, "pad50_cm": [[9059, 941], [1027, 8973]], "compress_acc": 90.775, "compress_cm": [[9222, 778], [1067, 8933]], "grayscale_acc": 81.08, "grayscale_cm": [[7138, 2862], [922, 9078]], "colorjitter_acc": 88.62, "colorjitter_cm": [[8807, 1193], [1083, 8917]], "randomaffine_acc": 90.395, "randomaffine_cm": [[9195, 805], [1116, 8884]], "linf_0.01568627450980392_acc": 9.635, "linf_0.01568627450980392_cm": [[376, 9624], [8449, 1551]], "linf_0.03137254901960784_acc": 2.485, "linf_0.03137254901960784_cm": [[28, 9972], [9531, 469]]}