{"1.4_acc": 77.835, "1.4_cm": [[6756, 3244], [1189, 8811]], "2.0_acc": 78.405, "2.0_cm": [[6870, 3130], [1189, 8811]], "2.1_acc": 78.305, "2.1_cm": [[6850, 3150], [1189, 8811]], "pad3_acc": 81.525, "pad3_cm": [[7942, 2058], [1637, 8363]], "pad10_acc": 81.06, "pad10_cm": [[8616, 1384], [2404, 7596]], "pad30_acc": 77.11, "pad30_cm": [[9033, 967], [3611, 6389]], "pad50_acc": 75.17, "pad50_cm": [[7081, 2919], [2047, 7953]], "compress_acc": 77.665, "compress_cm": [[6708, 3292], [1175, 8825]], "grayscale_acc": 65.51, "grayscale_cm": [[3462, 6538], [360, 9640]], "colorjitter_acc": 77.405, "colorjitter_cm": [[6689, 3311], [1208, 8792]], "randomaffine_acc": 81.47, "randomaffine_cm": [[8111, 1889], [1817, 8183]], "linf_0.01568627450980392_acc": 57.53, "linf_0.01568627450980392_cm": [[9186, 814], [7680, 2320]], "linf_0.03137254901960784_acc": 55.66, "linf_0.03137254901960784_cm": [[8879, 1121], [7747, 2253]]}