{"1.4_acc": 86.845, "1.4_cm": [[8351, 1649], [982, 9018]], "2.0_acc": 90.12, "2.0_cm": [[9006, 994], [982, 9018]], "2.1_acc": 90.29, "2.1_cm": [[9040, 960], [982, 9018]], "pad3_acc": 87.485, "pad3_cm": [[9478, 522], [1981, 8019]], "pad10_acc": 77.365, "pad10_cm": [[9667, 333], [4194, 5806]], "pad30_acc": 73.46, "pad30_cm": [[8182, 1818], [3490, 6510]], "pad50_acc": 56.185, "pad50_cm": [[1360, 8640], [123, 9877]], "compress_acc": 90.18, "compress_cm": [[9000, 1000], [964, 9036]], "grayscale_acc": 78.865, "grayscale_cm": [[6517, 3483], [744, 9256]], "colorjitter_acc": 87.905, "colorjitter_cm": [[8593, 1407], [1012, 8988]], "randomaffine_acc": 80.65, "randomaffine_cm": [[8538, 1462], [2408, 7592]], "linf_0.01568627450980392_acc": 89.77, "linf_0.01568627450980392_cm": [[9009, 991], [1055, 8945]], "linf_0.03137254901960784_acc": 89.375, "linf_0.03137254901960784_cm": [[8944, 1056], [1069, 8931]]}