{"1.4_acc": 78.095, "1.4_cm": [[6842, 3158], [1223, 8777]], "2.0_acc": 78.055, "2.0_cm": [[6834, 3166], [1223, 8777]], "2.1_acc": 77.83, "2.1_cm": [[6789, 3211], [1223, 8777]], "pad3_acc": 81.535, "pad3_cm": [[7859, 2141], [1552, 8448]], "pad10_acc": 82.465, "pad10_cm": [[8543, 1457], [2050, 7950]], "pad30_acc": 82.63, "pad30_cm": [[8366, 1634], [1840, 8160]], "pad50_acc": 81.49, "pad50_cm": [[8003, 1997], [1705, 8295]], "compress_acc": 77.95, "compress_cm": [[6800, 3200], [1210, 8790]], "grayscale_acc": 64.475, "grayscale_cm": [[3252, 6748], [357, 9643]], "colorjitter_acc": 77.575, "colorjitter_cm": [[6779, 3221], [1264, 8736]], "randomaffine_acc": 81.63, "randomaffine_cm": [[8126, 1874], [1800, 8200]], "linf_0.01568627450980392_acc": 59.855, "linf_0.01568627450980392_cm": [[9106, 894], [7135, 2865]], "linf_0.03137254901960784_acc": 57.76, "linf_0.03137254901960784_cm": [[8813, 1187], [7261, 2739]]}