{"1.4_acc": 82.83, "1.4_cm": [[7135, 2865], [569, 9431]], "2.0_acc": 87.59, "2.0_cm": [[8087, 1913], [569, 9431]], "2.1_acc": 87.185, "2.1_cm": [[8006, 1994], [569, 9431]], "pad3_acc": 87.595, "pad3_cm": [[8385, 1615], [866, 9134]], "pad10_acc": 71.68, "pad10_cm": [[9358, 642], [5022, 4978]], "pad30_acc": 61.855, "pad30_cm": [[8391, 1609], [6020, 3980]], "pad50_acc": 57.505, "pad50_cm": [[2195, 7805], [694, 9306]], "compress_acc": 87.505, "compress_cm": [[8055, 1945], [554, 9446]], "grayscale_acc": 73.11, "grayscale_cm": [[4869, 5131], [247, 9753]], "colorjitter_acc": 84.51, "colorjitter_cm": [[7494, 2506], [592, 9408]], "randomaffine_acc": 78.66, "randomaffine_cm": [[8385, 1615], [2653, 7347]], "linf_0.01568627450980392_acc": 64.88095238095238, "linf_0.01568627450980392_cm": [[186, 128], [108, 250]], "linf_0.03137254901960784_acc": 40.773809523809526, "linf_0.03137254901960784_cm": [[129, 198], [200, 145]]}