{"1.4_acc": 86.82, "1.4_cm": [[8323, 1677], [959, 9041]], "2.0_acc": 90.265, "2.0_cm": [[9012, 988], [959, 9041]], "2.1_acc": 89.91, "2.1_cm": [[8941, 1059], [959, 9041]], "pad3_acc": 86.06, "pad3_cm": [[9529, 471], [2317, 7683]], "pad10_acc": 75.855, "pad10_cm": [[9630, 370], [4459, 5541]], "pad30_acc": 66.995, "pad30_cm": [[8403, 1597], [5004, 4996]], "pad50_acc": 54.61, "pad50_cm": [[991, 9009], [69, 9931]], "compress_acc": 90.16, "compress_cm": [[8974, 1026], [942, 9058]], "grayscale_acc": 77.925, "grayscale_cm": [[6130, 3870], [545, 9455]], "colorjitter_acc": 87.84, "colorjitter_cm": [[8545, 1455], [977, 9023]], "randomaffine_acc": 77.97, "randomaffine_cm": [[8483, 1517], [2889, 7111]], "linf_0.01568627450980392_acc": 5.654761904761905, "linf_0.01568627450980392_cm": [[4, 332], [302, 34]], "linf_0.03137254901960784_acc": 1.1904761904761905, "linf_0.03137254901960784_cm": [[0, 312], [352, 8]]}