{"1.4_acc": 88.005, "1.4_cm": [[8761, 1239], [1160, 8840]], "2.0_acc": 90.585, "2.0_cm": [[9277, 723], [1160, 8840]], "2.1_acc": 90.67, "2.1_cm": [[9294, 706], [1160, 8840]], "pad3_acc": 90.795, "pad3_cm": [[9311, 689], [1152, 8848]], "pad10_acc": 90.66, "pad10_cm": [[9166, 834], [1034, 8966]], "pad30_acc": 90.615, "pad30_cm": [[9066, 934], [943, 9057]], "pad50_acc": 90.415, "pad50_cm": [[9109, 891], [1026, 8974]], "compress_acc": 90.72, "compress_cm": [[9273, 727], [1129, 8871]], "grayscale_acc": 81.085, "grayscale_cm": [[7262, 2738], [1045, 8955]], "colorjitter_acc": 88.58, "colorjitter_cm": [[8845, 1155], [1129, 8871]], "randomaffine_acc": 90.375, "randomaffine_cm": [[9215, 785], [1140, 8860]], "linf_0.01568627450980392_acc": 10.714285714285714, "linf_0.01568627450980392_cm": [[13, 309], [291, 59]], "linf_0.03137254901960784_acc": 1.1904761904761905, "linf_0.03137254901960784_cm": [[1, 347], [317, 7]]}