{"1.4_acc": 83.83, "1.4_cm": [[8364, 1636], [1598, 8402]], "2.0_acc": 85.615, "2.0_cm": [[8721, 1279], [1598, 8402]], "2.1_acc": 85.175, "2.1_cm": [[8633, 1367], [1598, 8402]], "pad3_acc": 83.665, "pad3_cm": [[8431, 1569], [1698, 8302]], "pad10_acc": 68.55, "pad10_cm": [[9291, 709], [5581, 4419]], "pad30_acc": 58.075, "pad30_cm": [[8401, 1599], [6786, 3214]], "pad50_acc": 62.325, "pad50_cm": [[2898, 7102], [433, 9567]], "compress_acc": 83.77, "compress_cm": [[8332, 1668], [1578, 8422]], "grayscale_acc": 72.045, "grayscale_cm": [[5022, 4978], [613, 9387]], "colorjitter_acc": 82.08, "colorjitter_cm": [[8052, 1948], [1636, 8364]], "randomaffine_acc": 70.405, "randomaffine_cm": [[8732, 1268], [4651, 5349]], "linf_0.01568627450980392_acc": 49.37, "linf_0.01568627450980392_cm": [[8548, 1452], [8674, 1326]], "linf_0.03137254901960784_acc": 47.4, "linf_0.03137254901960784_cm": [[8186, 1814], [8706, 1294]]}