{"1.4_acc": 80.735, "1.4_cm": [[9096, 904], [2949, 7051]], "2.0_acc": 81.945, "2.0_cm": [[9338, 662], [2949, 7051]], "2.1_acc": 81.615, "2.1_cm": [[9272, 728], [2949, 7051]], "pad3_acc": 79.8, "pad3_cm": [[9115, 885], [3155, 6845]], "pad10_acc": 69.135, "pad10_cm": [[9554, 446], [5727, 4273]], "pad30_acc": 54.42, "pad30_cm": [[9828, 172], [8944, 1056]], "pad50_acc": 69.145, "pad50_cm": [[7001, 2999], [3172, 6828]], "compress_acc": 80.795, "compress_cm": [[9077, 923], [2918, 7082]], "grayscale_acc": 74.96, "grayscale_cm": [[6855, 3145], [1863, 8137]], "colorjitter_acc": 79.0, "colorjitter_cm": [[8857, 1143], [3057, 6943]], "randomaffine_acc": 60.21, "randomaffine_cm": [[9663, 337], [7621, 2379]], "linf_0.01568627450980392_acc": 50.08, "linf_0.01568627450980392_cm": [[9804, 196], [9788, 212]], "linf_0.03137254901960784_acc": 49.72, "linf_0.03137254901960784_cm": [[9736, 264], [9792, 208]]}