{"1.4_acc": 87.07, "1.4_cm": [[8366, 1634], [952, 9048]], "2.0_acc": 90.41, "2.0_cm": [[9034, 966], [952, 9048]], "2.1_acc": 90.1, "2.1_cm": [[8972, 1028], [952, 9048]], "pad3_acc": 86.54, "pad3_cm": [[9530, 470], [2222, 7778]], "pad10_acc": 78.105, "pad10_cm": [[9617, 383], [3996, 6004]], "pad30_acc": 63.64, "pad30_cm": [[8917, 1083], [6189, 3811]], "pad50_acc": 53.785, "pad50_cm": [[783, 9217], [26, 9974]], "compress_acc": 90.37, "compress_cm": [[8999, 1001], [925, 9075]], "grayscale_acc": 77.18, "grayscale_cm": [[5892, 4108], [456, 9544]], "colorjitter_acc": 88.16, "colorjitter_cm": [[8575, 1425], [943, 9057]], "randomaffine_acc": 77.885, "randomaffine_cm": [[8530, 1470], [2953, 7047]], "linf_0.01568627450980392_acc": 5.654761904761905, "linf_0.01568627450980392_cm": [[0, 341], [293, 38]], "linf_0.03137254901960784_acc": 1.0416666666666667, "linf_0.03137254901960784_cm": [[0, 331], [334, 7]]}