{"1.4_acc": 83.36, "1.4_cm": [[8923, 1077], [2251, 7749]], "2.0_acc": 84.365, "2.0_cm": [[9124, 876], [2251, 7749]], "2.1_acc": 83.94, "2.1_cm": [[9039, 961], [2251, 7749]], "pad3_acc": 82.89, "pad3_cm": [[8941, 1059], [2363, 7637]], "pad10_acc": 66.75, "pad10_cm": [[9489, 511], [6139, 3861]], "pad30_acc": 56.74, "pad30_cm": [[9354, 646], [8006, 1994]], "pad50_acc": 65.815, "pad50_cm": [[3719, 6281], [556, 9444]], "compress_acc": 83.315, "compress_cm": [[8903, 1097], [2240, 7760]], "grayscale_acc": 76.125, "grayscale_cm": [[6688, 3312], [1463, 8537]], "colorjitter_acc": 82.085, "colorjitter_cm": [[8697, 1303], [2280, 7720]], "randomaffine_acc": 67.385, "randomaffine_cm": [[9195, 805], [5718, 4282]], "linf_0.01568627450980392_acc": 50.82, "linf_0.01568627450980392_cm": [[9011, 989], [8847, 1153]], "linf_0.03137254901960784_acc": 49.28, "linf_0.03137254901960784_cm": [[8722, 1278], [8866, 1134]]}