{"1.4_acc": 64.06, "1.4_cm": [[5537, 4463], [2725, 7275]], "2.0_acc": 65.08, "2.0_cm": [[5741, 4259], [2725, 7275]], "2.1_acc": 65.57, "2.1_cm": [[5839, 4161], [2725, 7275]], "pad3_acc": 63.82, "pad3_cm": [[5478, 4522], [2714, 7286]], "pad10_acc": 59.325, "pad10_cm": [[5177, 4823], [3312, 6688]], "pad30_acc": 53.075, "pad30_cm": [[5702, 4298], [5087, 4913]], "pad50_acc": 58.725, "pad50_cm": [[3364, 6636], [1619, 8381]], "compress_acc": 64.075, "compress_cm": [[5538, 4462], [2723, 7277]], "grayscale_acc": 78.535, "grayscale_cm": [[7885, 2115], [2178, 7822]], "colorjitter_acc": 63.99, "colorjitter_cm": [[5506, 4494], [2708, 7292]], "randomaffine_acc": 58.645, "randomaffine_cm": [[5478, 4522], [3749, 6251]], "linf_0.01568627450980392_acc": 47.465, "linf_0.01568627450980392_cm": [[5969, 4031], [6476, 3524]], "linf_0.03137254901960784_acc": 43.695, "linf_0.03137254901960784_cm": [[5494, 4506], [6755, 3245]]}