{"1.4_acc": 86.47, "1.4_cm": [[8039, 1961], [745, 9255]], "2.0_acc": 87.945, "2.0_cm": [[8334, 1666], [745, 9255]], "2.1_acc": 87.76, "2.1_cm": [[8297, 1703], [745, 9255]], "pad3_acc": 86.485, "pad3_cm": [[8051, 1949], [754, 9246]], "pad10_acc": 85.395, "pad10_cm": [[8452, 1548], [1373, 8627]], "pad30_acc": 75.77, "pad30_cm": [[6790, 3210], [1636, 8364]], "pad50_acc": 58.005, "pad50_cm": [[2688, 7312], [1087, 8913]], "compress_acc": 86.355, "compress_cm": [[8015, 1985], [744, 9256]], "grayscale_acc": 75.43, "grayscale_cm": [[5572, 4428], [486, 9514]], "colorjitter_acc": 85.06, "colorjitter_cm": [[7728, 2272], [716, 9284]], "randomaffine_acc": 80.13, "randomaffine_cm": [[7016, 2984], [990, 9010]], "linf_0.01568627450980392_acc": 70.08928571428571, "linf_0.01568627450980392_cm": [[178, 140], [61, 293]], "linf_0.03137254901960784_acc": 47.61904761904762, "linf_0.03137254901960784_cm": [[98, 206], [146, 222]]}