{"1.4_acc": 92.03, "1.4_cm": [[8874, 1126], [468, 9532]], "2.0_acc": 97.215, "2.0_cm": [[9911, 89], [468, 9532]], "2.1_acc": 97.27, "2.1_cm": [[9922, 78], [468, 9532]], "pad3_acc": 97.075, "pad3_cm": [[9927, 73], [512, 9488]], "pad10_acc": 85.09, "pad10_cm": [[9983, 17], [2965, 7035]], "pad30_acc": 88.375, "pad30_cm": [[8422, 1578], [747, 9253]], "pad50_acc": 65.055, "pad50_cm": [[3044, 6956], [33, 9967]], "compress_acc": 95.915, "compress_cm": [[9450, 550], [267, 9733]], "grayscale_acc": 87.22, "grayscale_cm": [[8467, 1533], [1023, 8977]], "colorjitter_acc": 96.81, "colorjitter_cm": [[9872, 128], [510, 9490]], "randomaffine_acc": 94.665, "randomaffine_cm": [[9661, 339], [728, 9272]], "linf_0.01568627450980392_acc": 4.761904761904762, "linf_0.01568627450980392_cm": [[3, 338], [302, 29]], "linf_0.03137254901960784_acc": 3.5714285714285716, "linf_0.03137254901960784_cm": [[4, 320], [328, 20]]}