{"1.4_acc": 99.94, "1.4_cm": [[9997, 3], [9, 9991]], "2.0_acc": 57.97, "2.0_cm": [[1603, 8397], [9, 9991]], "2.1_acc": 58.06, "2.1_cm": [[1621, 8379], [9, 9991]], "pad3_acc": 99.9, "pad3_cm": [[9997, 3], [17, 9983]], "pad10_acc": 99.84, "pad10_cm": [[9997, 3], [29, 9971]], "pad30_acc": 99.615, "pad30_cm": [[9946, 54], [23, 9977]], "pad50_acc": 94.465, "pad50_cm": [[8900, 1100], [7, 9993]], "compress_acc": 55.645, "compress_cm": [[1132, 8868], [3, 9997]], "grayscale_acc": 50.515, "grayscale_cm": [[107, 9893], [4, 9996]], "colorjitter_acc": 99.9, "colorjitter_cm": [[9990, 10], [10, 9990]], "randomaffine_acc": 99.555, "randomaffine_cm": [[9931, 69], [20, 9980]], "linf_0.01568627450980392_acc": 5.15, "linf_0.01568627450980392_cm": [[925, 9075], [9895, 105]], "linf_0.03137254901960784_acc": 1.175, "linf_0.03137254901960784_cm": [[216, 9784], [9981, 19]]}