{"1.4_acc": 67.945, "1.4_cm": [[9895, 105], [6306, 3694]], "2.0_acc": 67.93, "2.0_cm": [[9892, 108], [6306, 3694]], "2.1_acc": 67.86, "2.1_cm": [[9878, 122], [6306, 3694]], "pad3_acc": 64.59, "pad3_cm": [[9906, 94], [6988, 3012]], "pad10_acc": 51.65, "pad10_cm": [[9991, 9], [9661, 339]], "pad30_acc": 50.39, "pad30_cm": [[10000, 0], [9922, 78]], "pad50_acc": 50.48, "pad50_cm": [[10000, 0], [9904, 96]], "compress_acc": 68.075, "compress_cm": [[9892, 108], [6277, 3723]], "grayscale_acc": 71.8, "grayscale_cm": [[9367, 633], [5007, 4993]], "colorjitter_acc": 67.475, "colorjitter_cm": [[9856, 144], [6361, 3639]], "randomaffine_acc": 51.865, "randomaffine_cm": [[9991, 9], [9618, 382]], "linf_0.01568627450980392_acc": 50.01, "linf_0.01568627450980392_cm": [[9995, 5], [9993, 7]], "linf_0.03137254901960784_acc": 49.88, "linf_0.03137254901960784_cm": [[9973, 27], [9997, 3]]}