{"1.4_acc": 85.97, "1.4_cm": [[8899, 1101], [1705, 8295]], "2.0_acc": 88.445, "2.0_cm": [[9394, 606], [1705, 8295]], "2.1_acc": 88.315, "2.1_cm": [[9368, 632], [1705, 8295]], "pad3_acc": 88.045, "pad3_cm": [[9456, 544], [1847, 8153]], "pad10_acc": 64.71, "pad10_cm": [[9967, 33], [7025, 2975]], "pad30_acc": 76.58, "pad30_cm": [[8413, 1587], [3097, 6903]], "pad50_acc": 66.77, "pad50_cm": [[4333, 5667], [979, 9021]], "compress_acc": 88.25, "compress_cm": [[9362, 638], [1712, 8288]], "grayscale_acc": 79.77, "grayscale_cm": [[6601, 3399], [647, 9353]], "colorjitter_acc": 87.225, "colorjitter_cm": [[9144, 856], [1699, 8301]], "randomaffine_acc": 79.76, "randomaffine_cm": [[9134, 866], [3182, 6818]], "linf_0.01568627450980392_acc": 6.82, "linf_0.01568627450980392_cm": [[1, 9999], [8637, 1363]], "linf_0.03137254901960784_acc": 2.945, "linf_0.03137254901960784_cm": [[0, 10000], [9411, 589]]}