{"linf_0.01568627450980392_acc": 7.8125, "linf_0.01568627450980392_cm": [[3, 88], [89, 12]], "linf_0.03137254901960784_acc": 6.25, "linf_0.03137254901960784_cm": [[0, 93], [87, 12]]}