{"1.4_acc": 85.985, "1.4_cm": [[7987, 2013], [790, 9210]], "2.0_acc": 89.405, "2.0_cm": [[8671, 1329], [790, 9210]], "2.1_acc": 88.88, "2.1_cm": [[8566, 1434], [790, 9210]], "pad3_acc": 89.595, "pad3_cm": [[8752, 1248], [833, 9167]], "pad10_acc": 73.15, "pad10_cm": [[9641, 359], [5011, 4989]], "pad30_acc": 73.845, "pad30_cm": [[9072, 928], [4303, 5697]], "pad50_acc": 66.665, "pad50_cm": [[6763, 3237], [3430, 6570]], "compress_acc": 89.37, "compress_cm": [[8658, 1342], [784, 9216]], "grayscale_acc": 78.605, "grayscale_cm": [[6166, 3834], [445, 9555]], "colorjitter_acc": 88.14, "colorjitter_cm": [[8403, 1597], [775, 9225]], "randomaffine_acc": 84.125, "randomaffine_cm": [[8502, 1498], [1677, 8323]], "linf_0.01568627450980392_acc": 76.63690476190476, "linf_0.01568627450980392_cm": [[247, 97], [60, 268]], "linf_0.03137254901960784_acc": 57.589285714285715, "linf_0.03137254901960784_cm": [[142, 165], [120, 245]]}