{"linf_0.01568627450980392_acc": 6.25, "linf_0.01568627450980392_cm": [[5, 87], [93, 7]], "linf_0.03137254901960784_acc": 4.6875, "linf_0.03137254901960784_cm": [[0, 95], [88, 9]]}