{"1.4_acc": 88.535, "1.4_cm": [[9081, 919], [1374, 8626]], "2.0_acc": 85.965, "2.0_cm": [[8567, 1433], [1374, 8626]], "2.1_acc": 85.64, "2.1_cm": [[8502, 1498], [1374, 8626]], "pad3_acc": 87.395, "pad3_cm": [[9276, 724], [1797, 8203]], "pad10_acc": 66.105, "pad10_cm": [[9874, 126], [6653, 3347]], "pad30_acc": 62.845, "pad30_cm": [[9744, 256], [7175, 2825]], "pad50_acc": 83.805, "pad50_cm": [[8190, 1810], [1429, 8571]], "compress_acc": 87.81, "compress_cm": [[9098, 902], [1536, 8464]], "grayscale_acc": 83.69, "grayscale_cm": [[7637, 2363], [899, 9101]], "colorjitter_acc": 87.545, "colorjitter_cm": [[9027, 973], [1518, 8482]], "randomaffine_acc": 81.68, "randomaffine_cm": [[9067, 933], [2731, 7269]], "linf_0.01568627450980392_acc": 29.37, "linf_0.01568627450980392_cm": [[5085, 4915], [9211, 789]], "linf_0.03137254901960784_acc": 11.77, "linf_0.03137254901960784_cm": [[2008, 7992], [9654, 346]]}