{"1.4_acc": 71.93, "1.4_cm": [[5215, 4785], [829, 9171]], "2.0_acc": 68.035, "2.0_cm": [[4436, 5564], [829, 9171]], "2.1_acc": 68.015, "2.1_cm": [[4432, 5568], [829, 9171]], "pad3_acc": 72.31, "pad3_cm": [[5408, 4592], [946, 9054]], "pad10_acc": 73.83, "pad10_cm": [[6812, 3188], [2046, 7954]], "pad30_acc": 60.405, "pad30_cm": [[2565, 7435], [484, 9516]], "pad50_acc": 55.29, "pad50_cm": [[1340, 8660], [282, 9718]], "compress_acc": 71.99, "compress_cm": [[5369, 4631], [971, 9029]], "grayscale_acc": 67.585, "grayscale_cm": [[4543, 5457], [1026, 8974]], "colorjitter_acc": 70.815, "colorjitter_cm": [[4984, 5016], [821, 9179]], "randomaffine_acc": 68.48, "randomaffine_cm": [[4590, 5410], [894, 9106]], "linf_0.01568627450980392_acc": 6.74, "linf_0.01568627450980392_cm": [[694, 9306], [9346, 654]], "linf_0.03137254901960784_acc": 2.165, "linf_0.03137254901960784_cm": [[165, 9835], [9732, 268]]}