{"1.4_acc": 99.94, "1.4_cm": [[9997, 3], [9, 9991]], "2.0_acc": 57.985, "2.0_cm": [[1606, 8394], [9, 9991]], "2.1_acc": 58.065, "2.1_cm": [[1622, 8378], [9, 9991]], "pad3_acc": 99.9, "pad3_cm": [[9997, 3], [17, 9983]], "pad10_acc": 99.84, "pad10_cm": [[9997, 3], [29, 9971]], "pad30_acc": 99.615, "pad30_cm": [[9946, 54], [23, 9977]], "pad50_acc": 94.465, "pad50_cm": [[8900, 1100], [7, 9993]], "compress_acc": 55.83, "compress_cm": [[1170, 8830], [4, 9996]], "grayscale_acc": 50.515, "grayscale_cm": [[107, 9893], [4, 9996]], "colorjitter_acc": 99.885, "colorjitter_cm": [[9990, 10], [13, 9987]], "randomaffine_acc": 99.54, "randomaffine_cm": [[9930, 70], [22, 9978]], "linf_0.01568627450980392_acc": 4.166666666666667, "linf_0.01568627450980392_cm": [[27, 300], [344, 1]], "linf_0.03137254901960784_acc": 0.5952380952380952, "linf_0.03137254901960784_cm": [[4, 321], [347, 0]]}