{"1.4_acc": 50.315, "1.4_cm": [[64, 9936], [1, 9999]], "2.0_acc": 50.195, "2.0_cm": [[40, 9960], [1, 9999]], "2.1_acc": 50.155, "2.1_cm": [[32, 9968], [1, 9999]], "pad3_acc": 50.305, "pad3_cm": [[62, 9938], [1, 9999]], "pad10_acc": 50.28, "pad10_cm": [[57, 9943], [1, 9999]], "pad30_acc": 50.07, "pad30_cm": [[14, 9986], [0, 10000]], "pad50_acc": 50.0, "pad50_cm": [[0, 10000], [0, 10000]], "compress_acc": 50.15, "compress_cm": [[30, 9970], [0, 10000]], "grayscale_acc": 50.07, "grayscale_cm": [[14, 9986], [0, 10000]], "colorjitter_acc": 50.265, "colorjitter_cm": [[54, 9946], [1, 9999]], "randomaffine_acc": 50.09, "randomaffine_cm": [[21, 9979], [3, 9997]], "linf_0.01568627450980392_acc": 7.97, "linf_0.01568627450980392_cm": [[51, 9949], [8457, 1543]], "linf_0.03137254901960784_acc": 3.875, "linf_0.03137254901960784_cm": [[21, 9979], [9246, 754]]}