{"1.4_acc": 94.175, "1.4_cm": [[9459, 541], [624, 9376]], "2.0_acc": 96.435, "2.0_cm": [[9911, 89], [624, 9376]], "2.1_acc": 96.405, "2.1_cm": [[9905, 95], [624, 9376]], "pad3_acc": 94.88, "pad3_cm": [[9954, 46], [978, 9022]], "pad10_acc": 74.53, "pad10_cm": [[9985, 15], [5079, 4921]], "pad30_acc": 82.25, "pad30_cm": [[9355, 645], [2905, 7095]], "pad50_acc": 62.685, "pad50_cm": [[2696, 7304], [159, 9841]], "compress_acc": 96.265, "compress_cm": [[9694, 306], [441, 9559]], "grayscale_acc": 87.3, "grayscale_cm": [[8389, 1611], [929, 9071]], "colorjitter_acc": 95.98, "colorjitter_cm": [[9859, 141], [663, 9337]], "randomaffine_acc": 91.085, "randomaffine_cm": [[9736, 264], [1519, 8481]], "linf_0.01568627450980392_acc": 5.803571428571429, "linf_0.01568627450980392_cm": [[1, 321], [312, 38]], "linf_0.03137254901960784_acc": 5.505952380952381, "linf_0.03137254901960784_cm": [[1, 345], [290, 36]]}