{"1.4_acc": 93.815, "1.4_cm": [[8802, 1198], [39, 9961]], "2.0_acc": 99.655, "2.0_cm": [[9970, 30], [39, 9961]], "2.1_acc": 99.655, "2.1_cm": [[9970, 30], [39, 9961]], "pad3_acc": 99.605, "pad3_cm": [[9986, 14], [65, 9935]], "pad10_acc": 98.87, "pad10_cm": [[9981, 19], [207, 9793]], "pad30_acc": 97.125, "pad30_cm": [[9569, 431], [144, 9856]], "pad50_acc": 67.51, "pad50_cm": [[3507, 6493], [5, 9995]], "compress_acc": 54.48, "compress_cm": [[901, 9099], [5, 9995]], "grayscale_acc": 51.365, "grayscale_cm": [[296, 9704], [23, 9977]], "colorjitter_acc": 99.34, "colorjitter_cm": [[9913, 87], [45, 9955]], "randomaffine_acc": 97.51, "randomaffine_cm": [[9546, 454], [44, 9956]], "linf_0.01568627450980392_acc": 0.8928571428571429, "linf_0.01568627450980392_cm": [[0, 339], [327, 6]], "linf_0.03137254901960784_acc": 0.44642857142857145, "linf_0.03137254901960784_cm": [[0, 332], [337, 3]]}