{"1.4_acc": 85.395, "1.4_cm": [[7784, 2216], [705, 9295]], "2.0_acc": 89.14, "2.0_cm": [[8533, 1467], [705, 9295]], "2.1_acc": 89.605, "2.1_cm": [[8626, 1374], [705, 9295]], "pad3_acc": 89.585, "pad3_cm": [[8633, 1367], [716, 9284]], "pad10_acc": 82.42, "pad10_cm": [[9232, 768], [2748, 7252]], "pad30_acc": 77.0, "pad30_cm": [[7962, 2038], [2562, 7438]], "pad50_acc": 57.215, "pad50_cm": [[4907, 5093], [3464, 6536]], "compress_acc": 89.4, "compress_cm": [[8578, 1422], [698, 9302]], "grayscale_acc": 77.075, "grayscale_cm": [[5756, 4244], [341, 9659]], "colorjitter_acc": 88.01, "colorjitter_cm": [[8299, 1701], [697, 9303]], "randomaffine_acc": 84.135, "randomaffine_cm": [[7848, 2152], [1021, 8979]], "linf_0.01568627450980392_acc": 75.495, "linf_0.01568627450980392_cm": [[6944, 3056], [1845, 8155]], "linf_0.03137254901960784_acc": 54.855, "linf_0.03137254901960784_cm": [[4780, 5220], [3809, 6191]]}