{"1.4_acc": 86.47, "1.4_cm": [[8039, 1961], [745, 9255]], "2.0_acc": 87.945, "2.0_cm": [[8334, 1666], [745, 9255]], "2.1_acc": 87.76, "2.1_cm": [[8297, 1703], [745, 9255]], "pad3_acc": 86.485, "pad3_cm": [[8051, 1949], [754, 9246]], "pad10_acc": 85.395, "pad10_cm": [[8452, 1548], [1373, 8627]], "pad30_acc": 75.77, "pad30_cm": [[6790, 3210], [1636, 8364]], "pad50_acc": 58.005, "pad50_cm": [[2688, 7312], [1087, 8913]], "compress_acc": 86.325, "compress_cm": [[8006, 1994], [741, 9259]], "grayscale_acc": 75.43, "grayscale_cm": [[5572, 4428], [486, 9514]], "colorjitter_acc": 85.07, "colorjitter_cm": [[7737, 2263], [723, 9277]], "randomaffine_acc": 80.275, "randomaffine_cm": [[7023, 2977], [968, 9032]], "linf_0.01568627450980392_acc": 68.55, "linf_0.01568627450980392_cm": [[5777, 4223], [2067, 7933]], "linf_0.03137254901960784_acc": 45.8, "linf_0.03137254901960784_cm": [[3347, 6653], [4187, 5813]]}