{"1.4_acc": 94.765, "1.4_cm": [[9230, 770], [277, 9723]], "2.0_acc": 97.95, "2.0_cm": [[9867, 133], [277, 9723]], "2.1_acc": 97.9, "2.1_cm": [[9857, 143], [277, 9723]], "pad3_acc": 97.8, "pad3_cm": [[9851, 149], [291, 9709]], "pad10_acc": 97.805, "pad10_cm": [[9802, 198], [241, 9759]], "pad30_acc": 97.525, "pad30_cm": [[9771, 229], [266, 9734]], "pad50_acc": 97.33, "pad50_cm": [[9808, 192], [342, 9658]], "compress_acc": 90.93, "compress_cm": [[8300, 1700], [114, 9886]], "grayscale_acc": 85.795, "grayscale_cm": [[8870, 1130], [1711, 8289]], "colorjitter_acc": 97.23, "colorjitter_cm": [[9751, 249], [305, 9695]], "randomaffine_acc": 97.665, "randomaffine_cm": [[9806, 194], [273, 9727]], "linf_0.01568627450980392_acc": 2.6785714285714284, "linf_0.01568627450980392_cm": [[0, 337], [317, 18]], "linf_0.03137254901960784_acc": 2.0833333333333335, "linf_0.03137254901960784_cm": [[0, 346], [312, 14]]}