{"1.4_acc": 91.38, "1.4_cm": [[8488, 1512], [212, 9788]], "2.0_acc": 98.13, "2.0_cm": [[9838, 162], [212, 9788]], "2.1_acc": 98.31, "2.1_cm": [[9874, 126], [212, 9788]], "pad3_acc": 97.96, "pad3_cm": [[9899, 101], [307, 9693]], "pad10_acc": 92.38, "pad10_cm": [[9957, 43], [1481, 8519]], "pad30_acc": 92.905, "pad30_cm": [[9060, 940], [479, 9521]], "pad50_acc": 74.505, "pad50_cm": [[5013, 4987], [112, 9888]], "compress_acc": 94.57, "compress_cm": [[9028, 972], [114, 9886]], "grayscale_acc": 88.88, "grayscale_cm": [[8486, 1514], [710, 9290]], "colorjitter_acc": 97.7, "colorjitter_cm": [[9792, 208], [252, 9748]], "randomaffine_acc": 95.05, "randomaffine_cm": [[9436, 564], [426, 9574]], "linf_0.01568627450980392_acc": 5.803571428571429, "linf_0.01568627450980392_cm": [[8, 358], [275, 31]], "linf_0.03137254901960784_acc": 5.505952380952381, "linf_0.03137254901960784_cm": [[1, 333], [302, 36]]}