{"1.4_acc": 85.985, "1.4_cm": [[7987, 2013], [790, 9210]], "2.0_acc": 89.405, "2.0_cm": [[8671, 1329], [790, 9210]], "2.1_acc": 88.88, "2.1_cm": [[8566, 1434], [790, 9210]], "pad3_acc": 89.595, "pad3_cm": [[8752, 1248], [833, 9167]], "pad10_acc": 73.15, "pad10_cm": [[9641, 359], [5011, 4989]], "pad30_acc": 73.845, "pad30_cm": [[9072, 928], [4303, 5697]], "pad50_acc": 66.665, "pad50_cm": [[6763, 3237], [3430, 6570]], "compress_acc": 89.29, "compress_cm": [[8635, 1365], [777, 9223]], "grayscale_acc": 78.61, "grayscale_cm": [[6167, 3833], [445, 9555]], "colorjitter_acc": 88.015, "colorjitter_cm": [[8405, 1595], [802, 9198]], "randomaffine_acc": 84.43, "randomaffine_cm": [[8535, 1465], [1649, 8351]], "linf_0.01568627450980392_acc": 75.615, "linf_0.01568627450980392_cm": [[7101, 2899], [1978, 8022]], "linf_0.03137254901960784_acc": 55.705, "linf_0.03137254901960784_cm": [[5000, 5000], [3859, 6141]]}