{"1.4_acc": 95.66, "1.4_cm": [[9385, 615], [253, 9747]], "2.0_acc": 98.05, "2.0_cm": [[9863, 137], [253, 9747]], "2.1_acc": 98.06, "2.1_cm": [[9865, 135], [253, 9747]], "pad3_acc": 97.995, "pad3_cm": [[9860, 140], [261, 9739]], "pad10_acc": 98.015, "pad10_cm": [[9833, 167], [230, 9770]], "pad30_acc": 97.945, "pad30_cm": [[9815, 185], [226, 9774]], "pad50_acc": 97.595, "pad50_cm": [[9834, 166], [315, 9685]], "compress_acc": 88.975, "compress_cm": [[7905, 2095], [110, 9890]], "grayscale_acc": 84.775, "grayscale_cm": [[8863, 1137], [1908, 8092]], "colorjitter_acc": 97.295, "colorjitter_cm": [[9756, 244], [297, 9703]], "randomaffine_acc": 97.845, "randomaffine_cm": [[9840, 160], [271, 9729]], "linf_0.01568627450980392_acc": 1.3392857142857142, "linf_0.01568627450980392_cm": [[0, 346], [317, 9]], "linf_0.03137254901960784_acc": 0.8928571428571429, "linf_0.03137254901960784_cm": [[0, 346], [320, 6]]}