{"1.4_acc": 99.72, "1.4_cm": [[9996, 4], [52, 9948]], "2.0_acc": 72.24, "2.0_cm": [[4500, 5500], [52, 9948]], "2.1_acc": 72.45, "2.1_cm": [[4542, 5458], [52, 9948]], "pad3_acc": 99.735, "pad3_cm": [[9991, 9], [44, 9956]], "pad10_acc": 99.735, "pad10_cm": [[9989, 11], [42, 9958]], "pad30_acc": 99.755, "pad30_cm": [[9981, 19], [30, 9970]], "pad50_acc": 99.675, "pad50_cm": [[9986, 14], [51, 9949]], "compress_acc": 70.69, "compress_cm": [[4166, 5834], [28, 9972]], "grayscale_acc": 54.205, "grayscale_cm": [[853, 9147], [12, 9988]], "colorjitter_acc": 99.65, "colorjitter_cm": [[9990, 10], [60, 9940]], "randomaffine_acc": 99.645, "randomaffine_cm": [[9994, 6], [65, 9935]], "linf_0.01568627450980392_acc": 0.88, "linf_0.01568627450980392_cm": [[11, 9989], [9835, 165]], "linf_0.03137254901960784_acc": 0.81, "linf_0.03137254901960784_cm": [[6, 9994], [9844, 156]]}