{"linf_0.01568627450980392_acc": 13.020833333333334, "linf_0.01568627450980392_cm": [[2, 90], [77, 23]], "linf_0.03137254901960784_acc": 3.6458333333333335, "linf_0.03137254901960784_cm": [[0, 80], [105, 7]]}