{"1.4_acc": 90.66, "1.4_cm": [[8355, 1645], [223, 9777]], "2.0_acc": 98.13, "2.0_cm": [[9849, 151], [223, 9777]], "2.1_acc": 98.145, "2.1_cm": [[9852, 148], [223, 9777]], "pad3_acc": 98.09, "pad3_cm": [[9860, 140], [242, 9758]], "pad10_acc": 87.225, "pad10_cm": [[9976, 24], [2531, 7469]], "pad30_acc": 89.165, "pad30_cm": [[8421, 1579], [588, 9412]], "pad50_acc": 65.825, "pad50_cm": [[3195, 6805], [30, 9970]], "compress_acc": 93.95, "compress_cm": [[8922, 1078], [132, 9868]], "grayscale_acc": 87.05, "grayscale_cm": [[8461, 1539], [1051, 8949]], "colorjitter_acc": 97.45, "colorjitter_cm": [[9731, 269], [241, 9759]], "randomaffine_acc": 95.77, "randomaffine_cm": [[9595, 405], [441, 9559]], "linf_0.01568627450980392_acc": 96.22, "linf_0.01568627450980392_cm": [[9818, 182], [574, 9426]], "linf_0.03137254901960784_acc": 94.855, "linf_0.03137254901960784_cm": [[9765, 235], [794, 9206]]}