{"1.4_acc": 99.75, "1.4_cm": [[9967, 33], [17, 9983]], "2.0_acc": 57.515, "2.0_cm": [[1520, 8480], [17, 9983]], "2.1_acc": 57.8, "2.1_cm": [[1577, 8423], [17, 9983]], "pad3_acc": 99.84, "pad3_cm": [[9985, 15], [17, 9983]], "pad10_acc": 99.68, "pad10_cm": [[9985, 15], [49, 9951]], "pad30_acc": 98.69, "pad30_cm": [[9766, 234], [28, 9972]], "pad50_acc": 87.305, "pad50_cm": [[7468, 2532], [7, 9993]], "compress_acc": 80.295, "compress_cm": [[6068, 3932], [9, 9991]], "grayscale_acc": 64.53, "grayscale_cm": [[2921, 7079], [15, 9985]], "colorjitter_acc": 99.75, "colorjitter_cm": [[9965, 35], [15, 9985]], "randomaffine_acc": 98.9, "randomaffine_cm": [[9801, 199], [21, 9979]], "linf_0.01568627450980392_acc": 28.273809523809526, "linf_0.01568627450980392_cm": [[57, 280], [202, 133]], "linf_0.03137254901960784_acc": 17.410714285714285, "linf_0.03137254901960784_cm": [[40, 305], [250, 77]]}