{"1.4_acc": 99.76, "1.4_cm": [[9972, 28], [20, 9980]], "2.0_acc": 61.21, "2.0_cm": [[2262, 7738], [20, 9980]], "2.1_acc": 61.955, "2.1_cm": [[2411, 7589], [20, 9980]], "pad3_acc": 99.76, "pad3_cm": [[9979, 21], [27, 9973]], "pad10_acc": 99.585, "pad10_cm": [[9992, 8], [75, 9925]], "pad30_acc": 98.64, "pad30_cm": [[9766, 234], [38, 9962]], "pad50_acc": 85.88, "pad50_cm": [[7184, 2816], [8, 9992]], "compress_acc": 81.195, "compress_cm": [[6248, 3752], [9, 9991]], "grayscale_acc": 62.57, "grayscale_cm": [[2528, 7472], [14, 9986]], "colorjitter_acc": 99.625, "colorjitter_cm": [[9949, 51], [24, 9976]], "randomaffine_acc": 98.48, "randomaffine_cm": [[9719, 281], [23, 9977]], "linf_0.01568627450980392_acc": 6.85, "linf_0.01568627450980392_cm": [[308, 9692], [8938, 1062]], "linf_0.03137254901960784_acc": 6.485, "linf_0.03137254901960784_cm": [[72, 9928], [8775, 1225]]}