{"1.4_acc": 93.1, "1.4_cm": [[8849, 1151], [229, 9771]], "2.0_acc": 97.825, "2.0_cm": [[9794, 206], [229, 9771]], "2.1_acc": 97.765, "2.1_cm": [[9782, 218], [229, 9771]], "pad3_acc": 97.51, "pad3_cm": [[9876, 124], [374, 9626]], "pad10_acc": 79.845, "pad10_cm": [[9980, 20], [4011, 5989]], "pad30_acc": 84.285, "pad30_cm": [[9156, 844], [2299, 7701]], "pad50_acc": 60.365, "pad50_cm": [[2188, 7812], [115, 9885]], "compress_acc": 94.855, "compress_cm": [[9121, 879], [150, 9850]], "grayscale_acc": 87.73, "grayscale_cm": [[8469, 1531], [923, 9077]], "colorjitter_acc": 96.995, "colorjitter_cm": [[9653, 347], [254, 9746]], "randomaffine_acc": 93.33, "randomaffine_cm": [[9490, 510], [824, 9176]], "linf_0.01568627450980392_acc": 9.34, "linf_0.01568627450980392_cm": [[264, 9736], [8396, 1604]], "linf_0.03137254901960784_acc": 3.605, "linf_0.03137254901960784_cm": [[9, 9991], [9288, 712]]}