{"1.4_acc": 53.655, "1.4_cm": [[772, 9228], [41, 9959]], "2.0_acc": 52.67, "2.0_cm": [[575, 9425], [41, 9959]], "2.1_acc": 52.57, "2.1_cm": [[555, 9445], [41, 9959]], "pad3_acc": 52.58, "pad3_cm": [[566, 9434], [50, 9950]], "pad10_acc": 53.76, "pad10_cm": [[862, 9138], [110, 9890]], "pad30_acc": 50.905, "pad30_cm": [[214, 9786], [33, 9967]], "pad50_acc": 50.0, "pad50_cm": [[0, 10000], [0, 10000]], "compress_acc": 51.77, "compress_cm": [[407, 9593], [53, 9947]], "grayscale_acc": 50.38, "grayscale_cm": [[104, 9896], [28, 9972]], "colorjitter_acc": 53.37, "colorjitter_cm": [[732, 9268], [58, 9942]], "randomaffine_acc": 51.535, "randomaffine_cm": [[341, 9659], [34, 9966]], "linf_0.01568627450980392_acc": 6.82, "linf_0.01568627450980392_cm": [[17, 9983], [8653, 1347]], "linf_0.03137254901960784_acc": 3.36, "linf_0.03137254901960784_cm": [[2, 9998], [9330, 670]]}