{"1.4_acc": 82.86, "1.4_cm": [[6977, 3023], [405, 9595]], "2.0_acc": 87.505, "2.0_cm": [[7906, 2094], [405, 9595]], "2.1_acc": 88.15, "2.1_cm": [[8035, 1965], [405, 9595]], "pad3_acc": 88.325, "pad3_cm": [[8111, 1889], [446, 9554]], "pad10_acc": 82.925, "pad10_cm": [[9638, 362], [3053, 6947]], "pad30_acc": 76.51, "pad30_cm": [[7703, 2297], [2401, 7599]], "pad50_acc": 67.7, "pad50_cm": [[4421, 5579], [881, 9119]], "compress_acc": 87.325, "compress_cm": [[7835, 2165], [370, 9630]], "grayscale_acc": 76.43, "grayscale_cm": [[5595, 4405], [309, 9691]], "colorjitter_acc": 86.295, "colorjitter_cm": [[7684, 2316], [425, 9575]], "randomaffine_acc": 84.235, "randomaffine_cm": [[7617, 2383], [770, 9230]], "linf_0.01568627450980392_acc": 10.32, "linf_0.01568627450980392_cm": [[0, 10000], [7936, 2064]], "linf_0.03137254901960784_acc": 5.15, "linf_0.03137254901960784_cm": [[0, 10000], [8970, 1030]]}