{"1.4_acc": 91.38, "1.4_cm": [[8488, 1512], [212, 9788]], "2.0_acc": 98.13, "2.0_cm": [[9838, 162], [212, 9788]], "2.1_acc": 98.31, "2.1_cm": [[9874, 126], [212, 9788]], "pad3_acc": 97.96, "pad3_cm": [[9899, 101], [307, 9693]], "pad10_acc": 92.38, "pad10_cm": [[9957, 43], [1481, 8519]], "pad30_acc": 92.905, "pad30_cm": [[9060, 940], [479, 9521]], "pad50_acc": 74.505, "pad50_cm": [[5013, 4987], [112, 9888]], "compress_acc": 96.74, "compress_cm": [[9642, 358], [294, 9706]], "grayscale_acc": 88.88, "grayscale_cm": [[8486, 1514], [710, 9290]], "colorjitter_acc": 97.665, "colorjitter_cm": [[9784, 216], [251, 9749]], "randomaffine_acc": 95.24, "randomaffine_cm": [[9472, 528], [424, 9576]], "linf_0.01568627450980392_acc": 6.98, "linf_0.01568627450980392_cm": [[135, 9865], [8739, 1261]], "linf_0.03137254901960784_acc": 6.165, "linf_0.03137254901960784_cm": [[56, 9944], [8823, 1177]]}