{"1.4_acc": 89.44, "1.4_cm": [[8664, 1336], [776, 9224]], "2.0_acc": 87.135, "2.0_cm": [[8203, 1797], [776, 9224]], "2.1_acc": 86.905, "2.1_cm": [[8157, 1843], [776, 9224]], "pad3_acc": 89.725, "pad3_cm": [[8725, 1275], [780, 9220]], "pad10_acc": 89.755, "pad10_cm": [[8807, 1193], [856, 9144]], "pad30_acc": 89.84, "pad30_cm": [[8811, 1189], [843, 9157]], "pad50_acc": 89.7, "pad50_cm": [[8751, 1249], [811, 9189]], "compress_acc": 88.975, "compress_cm": [[8636, 1364], [841, 9159]], "grayscale_acc": 78.69, "grayscale_cm": [[6178, 3822], [440, 9560]], "colorjitter_acc": 87.71, "colorjitter_cm": [[8386, 1614], [844, 9156]], "randomaffine_acc": 88.26, "randomaffine_cm": [[8704, 1296], [1052, 8948]], "linf_0.01568627450980392_acc": 48.195, "linf_0.01568627450980392_cm": [[8789, 1211], [9150, 850]], "linf_0.03137254901960784_acc": 39.145, "linf_0.03137254901960784_cm": [[7285, 2715], [9456, 544]]}