{"1.4_acc": 87.345, "1.4_cm": [[9096, 904], [1627, 8373]], "2.0_acc": 87.015, "2.0_cm": [[9030, 970], [1627, 8373]], "2.1_acc": 86.72, "2.1_cm": [[8971, 1029], [1627, 8373]], "pad3_acc": 87.44, "pad3_cm": [[9139, 861], [1651, 8349]], "pad10_acc": 87.21, "pad10_cm": [[9261, 739], [1819, 8181]], "pad30_acc": 86.35, "pad30_cm": [[9433, 567], [2163, 7837]], "pad50_acc": 86.605, "pad50_cm": [[9366, 634], [2045, 7955]], "compress_acc": 86.925, "compress_cm": [[9137, 863], [1752, 8248]], "grayscale_acc": 80.715, "grayscale_cm": [[7154, 2846], [1011, 8989]], "colorjitter_acc": 85.21, "colorjitter_cm": [[8864, 1136], [1822, 8178]], "randomaffine_acc": 87.145, "randomaffine_cm": [[9098, 902], [1669, 8331]], "linf_0.01568627450980392_acc": 7.99, "linf_0.01568627450980392_cm": [[23, 9977], [8425, 1575]], "linf_0.03137254901960784_acc": 5.545, "linf_0.03137254901960784_cm": [[17, 9983], [8908, 1092]]}