{"1.4_acc": 93.1, "1.4_cm": [[8849, 1151], [229, 9771]], "2.0_acc": 97.825, "2.0_cm": [[9794, 206], [229, 9771]], "2.1_acc": 97.765, "2.1_cm": [[9782, 218], [229, 9771]], "pad3_acc": 97.51, "pad3_cm": [[9876, 124], [374, 9626]], "pad10_acc": 79.845, "pad10_cm": [[9980, 20], [4011, 5989]], "pad30_acc": 84.285, "pad30_cm": [[9156, 844], [2299, 7701]], "pad50_acc": 60.365, "pad50_cm": [[2188, 7812], [115, 9885]], "compress_acc": 94.855, "compress_cm": [[9121, 879], [150, 9850]], "grayscale_acc": 87.73, "grayscale_cm": [[8469, 1531], [923, 9077]], "colorjitter_acc": 96.92, "colorjitter_cm": [[9652, 348], [268, 9732]], "randomaffine_acc": 93.29, "randomaffine_cm": [[9465, 535], [807, 9193]], "linf_0.01568627450980392_acc": 96.345, "linf_0.01568627450980392_cm": [[9729, 271], [460, 9540]], "linf_0.03137254901960784_acc": 95.25, "linf_0.03137254901960784_cm": [[9569, 431], [519, 9481]]}