{"1.4_acc": 99.76, "1.4_cm": [[9972, 28], [20, 9980]], "2.0_acc": 61.205, "2.0_cm": [[2261, 7739], [20, 9980]], "2.1_acc": 61.945, "2.1_cm": [[2409, 7591], [20, 9980]], "pad3_acc": 99.76, "pad3_cm": [[9979, 21], [27, 9973]], "pad10_acc": 99.585, "pad10_cm": [[9992, 8], [75, 9925]], "pad30_acc": 98.64, "pad30_cm": [[9766, 234], [38, 9962]], "pad50_acc": 85.86, "pad50_cm": [[7180, 2820], [8, 9992]], "compress_acc": 81.16, "compress_cm": [[6241, 3759], [9, 9991]], "grayscale_acc": 62.55, "grayscale_cm": [[2524, 7476], [14, 9986]], "colorjitter_acc": 99.68, "colorjitter_cm": [[9959, 41], [23, 9977]], "randomaffine_acc": 98.54, "randomaffine_cm": [[9726, 274], [18, 9982]], "linf_0.01568627450980392_acc": 98.57, "linf_0.01568627450980392_cm": [[9967, 33], [253, 9747]], "linf_0.03137254901960784_acc": 96.365, "linf_0.03137254901960784_cm": [[9960, 40], [687, 9313]]}