{"1.4_acc": 51.07, "1.4_cm": [[216, 9784], [2, 9998]], "2.0_acc": 50.965, "2.0_cm": [[195, 9805], [2, 9998]], "2.1_acc": 50.945, "2.1_cm": [[191, 9809], [2, 9998]], "pad3_acc": 50.965, "pad3_cm": [[194, 9806], [1, 9999]], "pad10_acc": 51.22, "pad10_cm": [[256, 9744], [12, 9988]], "pad30_acc": 50.58, "pad30_cm": [[185, 9815], [69, 9931]], "pad50_acc": 50.0, "pad50_cm": [[0, 10000], [0, 10000]], "compress_acc": 50.445, "compress_cm": [[89, 9911], [0, 10000]], "grayscale_acc": 50.0, "grayscale_cm": [[0, 10000], [0, 10000]], "colorjitter_acc": 51.195, "colorjitter_cm": [[240, 9760], [1, 9999]], "randomaffine_acc": 50.465, "randomaffine_cm": [[99, 9901], [6, 9994]], "linf_0.01568627450980392_acc": 17.435, "linf_0.01568627450980392_cm": [[3, 9997], [6516, 3484]], "linf_0.03137254901960784_acc": 9.715, "linf_0.03137254901960784_cm": [[0, 10000], [8057, 1943]]}