{"1.4_acc": 86.335, "1.4_cm": [[8368, 1632], [1101, 8899]], "2.0_acc": 89.49, "2.0_cm": [[8999, 1001], [1101, 8899]], "2.1_acc": 89.02, "2.1_cm": [[8905, 1095], [1101, 8899]], "pad3_acc": 80.985, "pad3_cm": [[9717, 283], [3520, 6480]], "pad10_acc": 72.1, "pad10_cm": [[9810, 190], [5390, 4610]], "pad30_acc": 66.455, "pad30_cm": [[9409, 591], [6118, 3882]], "pad50_acc": 62.475, "pad50_cm": [[7434, 2566], [4939, 5061]], "compress_acc": 89.45, "compress_cm": [[8972, 1028], [1082, 8918]], "grayscale_acc": 75.835, "grayscale_cm": [[5685, 4315], [518, 9482]], "colorjitter_acc": 87.72, "colorjitter_cm": [[8721, 1279], [1177, 8823]], "randomaffine_acc": 82.56, "randomaffine_cm": [[8631, 1369], [2119, 7881]], "linf_0.01568627450980392_acc": 49.35, "linf_0.01568627450980392_cm": [[6862, 3138], [6992, 3008]], "linf_0.03137254901960784_acc": 35.535, "linf_0.03137254901960784_cm": [[4895, 5105], [7788, 2212]]}