{"1.4_acc": 89.62, "1.4_cm": [[9267, 733], [1343, 8657]], "2.0_acc": 89.335, "2.0_cm": [[9210, 790], [1343, 8657]], "2.1_acc": 89.26, "2.1_cm": [[9195, 805], [1343, 8657]], "pad3_acc": 89.23, "pad3_cm": [[9172, 828], [1326, 8674]], "pad10_acc": 88.995, "pad10_cm": [[9128, 872], [1329, 8671]], "pad30_acc": 89.005, "pad30_cm": [[8997, 1003], [1196, 8804]], "pad50_acc": 88.78, "pad50_cm": [[8990, 1010], [1234, 8766]], "compress_acc": 89.605, "compress_cm": [[9246, 754], [1325, 8675]], "grayscale_acc": 78.905, "grayscale_cm": [[6634, 3366], [853, 9147]], "colorjitter_acc": 88.305, "colorjitter_cm": [[9088, 912], [1427, 8573]], "randomaffine_acc": 88.655, "randomaffine_cm": [[8912, 1088], [1181, 8819]], "linf_0.01568627450980392_acc": 27.535, "linf_0.01568627450980392_cm": [[328, 9672], [4821, 5179]], "linf_0.03137254901960784_acc": 22.66, "linf_0.03137254901960784_cm": [[237, 9763], [5705, 4295]]}