{"1.4_acc": 86.205, "1.4_cm": [[8308, 1692], [1067, 8933]], "2.0_acc": 89.025, "2.0_cm": [[8872, 1128], [1067, 8933]], "2.1_acc": 89.14, "2.1_cm": [[8895, 1105], [1067, 8933]], "pad3_acc": 80.08, "pad3_cm": [[9692, 308], [3676, 6324]], "pad10_acc": 67.87, "pad10_cm": [[9836, 164], [6262, 3738]], "pad30_acc": 67.29, "pad30_cm": [[9253, 747], [5795, 4205]], "pad50_acc": 62.165, "pad50_cm": [[6980, 3020], [4547, 5453]], "compress_acc": 89.09, "compress_cm": [[8863, 1137], [1045, 8955]], "grayscale_acc": 76.315, "grayscale_cm": [[5845, 4155], [582, 9418]], "colorjitter_acc": 87.72, "colorjitter_cm": [[8651, 1349], [1107, 8893]], "randomaffine_acc": 82.21, "randomaffine_cm": [[8355, 1645], [1913, 8087]], "linf_0.01568627450980392_acc": 47.725, "linf_0.01568627450980392_cm": [[6190, 3810], [6645, 3355]], "linf_0.03137254901960784_acc": 33.43, "linf_0.03137254901960784_cm": [[4205, 5795], [7519, 2481]]}