{"1.4_acc": 87.85, "1.4_cm": [[8593, 1407], [1023, 8977]], "2.0_acc": 90.585, "2.0_cm": [[9140, 860], [1023, 8977]], "2.1_acc": 90.74, "2.1_cm": [[9171, 829], [1023, 8977]], "pad3_acc": 90.75, "pad3_cm": [[9028, 972], [878, 9122]], "pad10_acc": 90.755, "pad10_cm": [[9109, 891], [958, 9042]], "pad30_acc": 90.44, "pad30_cm": [[9015, 985], [927, 9073]], "pad50_acc": 90.305, "pad50_cm": [[9041, 959], [980, 9020]], "compress_acc": 90.645, "compress_cm": [[9130, 870], [1001, 8999]], "grayscale_acc": 77.95, "grayscale_cm": [[6026, 3974], [436, 9564]], "colorjitter_acc": 89.155, "colorjitter_cm": [[8893, 1107], [1062, 8938]], "randomaffine_acc": 90.14, "randomaffine_cm": [[8923, 1077], [895, 9105]], "linf_0.01568627450980392_acc": 29.7, "linf_0.01568627450980392_cm": [[789, 9211], [4849, 5151]], "linf_0.03137254901960784_acc": 25.365, "linf_0.03137254901960784_cm": [[665, 9335], [5592, 4408]]}