{"1.4_acc": 87.855, "1.4_cm": [[8730, 1270], [1159, 8841]], "2.0_acc": 90.5, "2.0_cm": [[9259, 741], [1159, 8841]], "2.1_acc": 90.29, "2.1_cm": [[9217, 783], [1159, 8841]], "pad3_acc": 90.51, "pad3_cm": [[9185, 815], [1083, 8917]], "pad10_acc": 90.675, "pad10_cm": [[9240, 760], [1105, 8895]], "pad30_acc": 90.575, "pad30_cm": [[9048, 952], [933, 9067]], "pad50_acc": 90.285, "pad50_cm": [[9022, 978], [965, 9035]], "compress_acc": 90.52, "compress_cm": [[9238, 762], [1134, 8866]], "grayscale_acc": 79.285, "grayscale_cm": [[6368, 3632], [511, 9489]], "colorjitter_acc": 89.17, "colorjitter_cm": [[9039, 961], [1205, 8795]], "randomaffine_acc": 90.24, "randomaffine_cm": [[9074, 926], [1026, 8974]], "linf_0.01568627450980392_acc": 31.92, "linf_0.01568627450980392_cm": [[1222, 8778], [4838, 5162]], "linf_0.03137254901960784_acc": 27.8, "linf_0.03137254901960784_cm": [[1078, 8922], [5518, 4482]]}