{"1.4_acc": 89.59, "1.4_cm": [[9174, 826], [1256, 8744]], "2.0_acc": 89.775, "2.0_cm": [[9211, 789], [1256, 8744]], "2.1_acc": 89.455, "2.1_cm": [[9147, 853], [1256, 8744]], "pad3_acc": 89.54, "pad3_cm": [[9141, 859], [1233, 8767]], "pad10_acc": 89.07, "pad10_cm": [[9048, 952], [1234, 8766]], "pad30_acc": 89.265, "pad30_cm": [[8929, 1071], [1076, 8924]], "pad50_acc": 89.325, "pad50_cm": [[9030, 970], [1165, 8835]], "compress_acc": 89.46, "compress_cm": [[9129, 871], [1237, 8763]], "grayscale_acc": 79.13, "grayscale_cm": [[7242, 2758], [1416, 8584]], "colorjitter_acc": 87.595, "colorjitter_cm": [[8849, 1151], [1330, 8670]], "randomaffine_acc": 88.885, "randomaffine_cm": [[9121, 879], [1344, 8656]], "linf_0.01568627450980392_acc": 38.295, "linf_0.01568627450980392_cm": [[4061, 5939], [6402, 3598]], "linf_0.03137254901960784_acc": 28.03, "linf_0.03137254901960784_cm": [[2922, 7078], [7316, 2684]]}