{"1.4_acc": 61.775, "1.4_cm": [[3904, 6096], [1549, 8451]], "2.0_acc": 59.535, "2.0_cm": [[3456, 6544], [1549, 8451]], "2.1_acc": 59.415, "2.1_cm": [[3432, 6568], [1549, 8451]], "pad3_acc": 67.805, "pad3_cm": [[5642, 4358], [2081, 7919]], "pad10_acc": 72.605, "pad10_cm": [[6823, 3177], [2302, 7698]], "pad30_acc": 71.41, "pad30_cm": [[5952, 4048], [1670, 8330]], "pad50_acc": 78.72, "pad50_cm": [[8320, 1680], [2576, 7424]], "compress_acc": 61.7, "compress_cm": [[3886, 6114], [1546, 8454]], "grayscale_acc": 62.285, "grayscale_cm": [[3622, 6378], [1165, 8835]], "colorjitter_acc": 63.18, "colorjitter_cm": [[4261, 5739], [1625, 8375]], "randomaffine_acc": 68.87, "randomaffine_cm": [[5615, 4385], [1841, 8159]], "linf_0.01568627450980392_acc": 55.54, "linf_0.01568627450980392_cm": [[5739, 4261], [4631, 5369]], "linf_0.03137254901960784_acc": 50.06, "linf_0.03137254901960784_cm": [[5103, 4897], [5091, 4909]]}