{"1.4_acc": 87.845, "1.4_cm": [[8674, 1326], [1105, 8895]], "2.0_acc": 90.755, "2.0_cm": [[9256, 744], [1105, 8895]], "2.1_acc": 90.525, "2.1_cm": [[9210, 790], [1105, 8895]], "pad3_acc": 90.775, "pad3_cm": [[9230, 770], [1075, 8925]], "pad10_acc": 90.57, "pad10_cm": [[9115, 885], [1001, 8999]], "pad30_acc": 90.58, "pad30_cm": [[9080, 920], [964, 9036]], "pad50_acc": 90.16, "pad50_cm": [[9059, 941], [1027, 8973]], "compress_acc": 90.775, "compress_cm": [[9222, 778], [1067, 8933]], "grayscale_acc": 81.1, "grayscale_cm": [[7141, 2859], [921, 9079]], "colorjitter_acc": 88.48, "colorjitter_cm": [[8897, 1103], [1201, 8799]], "randomaffine_acc": 90.59, "randomaffine_cm": [[9226, 774], [1108, 8892]], "linf_0.01568627450980392_acc": 35.87, "linf_0.01568627450980392_cm": [[4077, 5923], [6903, 3097]], "linf_0.03137254901960784_acc": 28.86, "linf_0.03137254901960784_cm": [[3362, 6638], [7590, 2410]]}