{"1.4_acc": 83.77, "1.4_cm": [[8391, 1609], [1637, 8363]], "2.0_acc": 85.125, "2.0_cm": [[8662, 1338], [1637, 8363]], "2.1_acc": 84.515, "2.1_cm": [[8540, 1460], [1637, 8363]], "pad3_acc": 83.41, "pad3_cm": [[8415, 1585], [1733, 8267]], "pad10_acc": 72.67, "pad10_cm": [[9142, 858], [4608, 5392]], "pad30_acc": 57.115, "pad30_cm": [[9047, 953], [7624, 2376]], "pad50_acc": 62.975, "pad50_cm": [[3017, 6983], [422, 9578]], "compress_acc": 83.6, "compress_cm": [[8345, 1655], [1625, 8375]], "grayscale_acc": 71.775, "grayscale_cm": [[5103, 4897], [748, 9252]], "colorjitter_acc": 81.78, "colorjitter_cm": [[8039, 1961], [1683, 8317]], "randomaffine_acc": 70.245, "randomaffine_cm": [[8759, 1241], [4710, 5290]], "linf_0.01568627450980392_acc": 53.505, "linf_0.01568627450980392_cm": [[9264, 736], [8563, 1437]], "linf_0.03137254901960784_acc": 51.89, "linf_0.03137254901960784_cm": [[8997, 1003], [8619, 1381]]}