{"1.4_acc": 84.075, "1.4_cm": [[8420, 1580], [1605, 8395]], "2.0_acc": 85.835, "2.0_cm": [[8772, 1228], [1605, 8395]], "2.1_acc": 85.415, "2.1_cm": [[8688, 1312], [1605, 8395]], "pad3_acc": 83.665, "pad3_cm": [[8527, 1473], [1794, 8206]], "pad10_acc": 68.365, "pad10_cm": [[9547, 453], [5874, 4126]], "pad30_acc": 57.85, "pad30_cm": [[8743, 1257], [7173, 2827]], "pad50_acc": 63.96, "pad50_cm": [[3728, 6272], [936, 9064]], "compress_acc": 83.955, "compress_cm": [[8377, 1623], [1586, 8414]], "grayscale_acc": 71.105, "grayscale_cm": [[4831, 5169], [610, 9390]], "colorjitter_acc": 81.765, "colorjitter_cm": [[7999, 2001], [1646, 8354]], "randomaffine_acc": 68.125, "randomaffine_cm": [[8888, 1112], [5263, 4737]], "linf_0.01568627450980392_acc": 48.51, "linf_0.01568627450980392_cm": [[9175, 825], [9473, 527]], "linf_0.03137254901960784_acc": 47.245, "linf_0.03137254901960784_cm": [[8924, 1076], [9475, 525]]}