{"1.4_acc": 87.07, "1.4_cm": [[8366, 1634], [952, 9048]], "2.0_acc": 90.41, "2.0_cm": [[9034, 966], [952, 9048]], "2.1_acc": 90.1, "2.1_cm": [[8972, 1028], [952, 9048]], "pad3_acc": 86.54, "pad3_cm": [[9530, 470], [2222, 7778]], "pad10_acc": 78.105, "pad10_cm": [[9617, 383], [3996, 6004]], "pad30_acc": 63.64, "pad30_cm": [[8917, 1083], [6189, 3811]], "pad50_acc": 53.785, "pad50_cm": [[783, 9217], [26, 9974]], "compress_acc": 90.38, "compress_cm": [[8982, 1018], [906, 9094]], "grayscale_acc": 77.2, "grayscale_cm": [[5896, 4104], [456, 9544]], "colorjitter_acc": 88.025, "colorjitter_cm": [[8636, 1364], [1031, 8969]], "randomaffine_acc": 77.615, "randomaffine_cm": [[8447, 1553], [2924, 7076]], "linf_0.01568627450980392_acc": 33.565, "linf_0.01568627450980392_cm": [[5644, 4356], [8931, 1069]], "linf_0.03137254901960784_acc": 21.495, "linf_0.03137254901960784_cm": [[3354, 6646], [9055, 945]]}