{"1.4_acc": 88.805, "1.4_cm": [[8902, 1098], [1141, 8859]], "2.0_acc": 89.125, "2.0_cm": [[8966, 1034], [1141, 8859]], "2.1_acc": 89.15, "2.1_cm": [[8971, 1029], [1141, 8859]], "pad3_acc": 82.65, "pad3_cm": [[9632, 368], [3102, 6898]], "pad10_acc": 75.92, "pad10_cm": [[9644, 356], [4460, 5540]], "pad30_acc": 64.305, "pad30_cm": [[8502, 1498], [5641, 4359]], "pad50_acc": 50.615, "pad50_cm": [[126, 9874], [3, 9997]], "compress_acc": 88.77, "compress_cm": [[8866, 1134], [1112, 8888]], "grayscale_acc": 76.685, "grayscale_cm": [[6308, 3692], [971, 9029]], "colorjitter_acc": 86.62, "colorjitter_cm": [[8542, 1458], [1218, 8782]], "randomaffine_acc": 75.715, "randomaffine_cm": [[8080, 1920], [2937, 7063]], "linf_0.01568627450980392_acc": 29.82, "linf_0.01568627450980392_cm": [[4834, 5166], [8870, 1130]], "linf_0.03137254901960784_acc": 16.525, "linf_0.03137254901960784_cm": [[2430, 7570], [9125, 875]]}