{"1.4_acc": 86.995, "1.4_cm": [[8337, 1663], [938, 9062]], "2.0_acc": 90.28, "2.0_cm": [[8994, 1006], [938, 9062]], "2.1_acc": 90.425, "2.1_cm": [[9023, 977], [938, 9062]], "pad3_acc": 83.125, "pad3_cm": [[9700, 300], [3075, 6925]], "pad10_acc": 78.55, "pad10_cm": [[9681, 319], [3971, 6029]], "pad30_acc": 66.855, "pad30_cm": [[8362, 1638], [4991, 5009]], "pad50_acc": 53.035, "pad50_cm": [[626, 9374], [19, 9981]], "compress_acc": 90.415, "compress_cm": [[8973, 1027], [890, 9110]], "grayscale_acc": 77.935, "grayscale_cm": [[6197, 3803], [610, 9390]], "colorjitter_acc": 88.02, "colorjitter_cm": [[8583, 1417], [979, 9021]], "randomaffine_acc": 78.83, "randomaffine_cm": [[8535, 1465], [2769, 7231]], "linf_0.01568627450980392_acc": 35.745, "linf_0.01568627450980392_cm": [[6074, 3926], [8925, 1075]], "linf_0.03137254901960784_acc": 23.625, "linf_0.03137254901960784_cm": [[3752, 6248], [9027, 973]]}