{"1.4_acc": 80.01, "1.4_cm": [[9709, 291], [3707, 6293]], "2.0_acc": 77.925, "2.0_cm": [[9292, 708], [3707, 6293]], "2.1_acc": 77.84, "2.1_cm": [[9275, 725], [3707, 6293]], "pad3_acc": 78.73, "pad3_cm": [[9766, 234], [4020, 5980]], "pad10_acc": 68.845, "pad10_cm": [[9869, 131], [6100, 3900]], "pad30_acc": 68.765, "pad30_cm": [[9641, 359], [5888, 4112]], "pad50_acc": 73.42, "pad50_cm": [[9146, 854], [4462, 5538]], "compress_acc": 79.955, "compress_cm": [[9698, 302], [3707, 6293]], "grayscale_acc": 91.025, "grayscale_cm": [[8977, 1023], [772, 9228]], "colorjitter_acc": 79.89, "colorjitter_cm": [[9686, 314], [3708, 6292]], "randomaffine_acc": 71.85, "randomaffine_cm": [[9725, 275], [5355, 4645]], "linf_0.01568627450980392_acc": 36.135, "linf_0.01568627450980392_cm": [[6917, 3083], [9690, 310]], "linf_0.03137254901960784_acc": 18.695, "linf_0.03137254901960784_cm": [[3552, 6448], [9813, 187]]}