{"1.4_acc": 99.72, "1.4_cm": [[9996, 4], [52, 9948]], "2.0_acc": 72.23, "2.0_cm": [[4498, 5502], [52, 9948]], "2.1_acc": 72.44, "2.1_cm": [[4540, 5460], [52, 9948]], "pad3_acc": 99.735, "pad3_cm": [[9991, 9], [44, 9956]], "pad10_acc": 99.735, "pad10_cm": [[9989, 11], [42, 9958]], "pad30_acc": 99.755, "pad30_cm": [[9981, 19], [30, 9970]], "pad50_acc": 99.675, "pad50_cm": [[9986, 14], [51, 9949]], "compress_acc": 70.675, "compress_cm": [[4163, 5837], [28, 9972]], "grayscale_acc": 54.25, "grayscale_cm": [[862, 9138], [12, 9988]], "colorjitter_acc": 99.56, "colorjitter_cm": [[9985, 15], [73, 9927]], "randomaffine_acc": 99.63, "randomaffine_cm": [[9992, 8], [66, 9934]], "linf_0.01568627450980392_acc": 4.03, "linf_0.01568627450980392_cm": [[4, 9996], [9198, 802]], "linf_0.03137254901960784_acc": 1.87, "linf_0.03137254901960784_cm": [[2, 9998], [9628, 372]]}