{"1.4_acc": 87.55, "1.4_cm": [[8490, 1510], [980, 9020]], "2.0_acc": 88.105, "2.0_cm": [[8601, 1399], [980, 9020]], "2.1_acc": 87.77, "2.1_cm": [[8534, 1466], [980, 9020]], "pad3_acc": 87.785, "pad3_cm": [[8674, 1326], [1117, 8883]], "pad10_acc": 82.155, "pad10_cm": [[8985, 1015], [2554, 7446]], "pad30_acc": 66.245, "pad30_cm": [[9019, 981], [5770, 4230]], "pad50_acc": 67.4, "pad50_cm": [[8066, 1934], [4586, 5414]], "compress_acc": 87.345, "compress_cm": [[8421, 1579], [952, 9048]], "grayscale_acc": 75.52, "grayscale_cm": [[5557, 4443], [453, 9547]], "colorjitter_acc": 85.555, "colorjitter_cm": [[8151, 1849], [1040, 8960]], "randomaffine_acc": 80.59, "randomaffine_cm": [[8540, 1460], [2422, 7578]], "linf_0.01568627450980392_acc": 46.87, "linf_0.01568627450980392_cm": [[8818, 1182], [9444, 556]], "linf_0.03137254901960784_acc": 40.19, "linf_0.03137254901960784_cm": [[7539, 2461], [9501, 499]]}