{"1.4_acc": 94.765, "1.4_cm": [[9230, 770], [277, 9723]], "2.0_acc": 97.95, "2.0_cm": [[9867, 133], [277, 9723]], "2.1_acc": 97.9, "2.1_cm": [[9857, 143], [277, 9723]], "pad3_acc": 97.8, "pad3_cm": [[9851, 149], [291, 9709]], "pad10_acc": 97.805, "pad10_cm": [[9802, 198], [241, 9759]], "pad30_acc": 97.525, "pad30_cm": [[9771, 229], [266, 9734]], "pad50_acc": 97.33, "pad50_cm": [[9808, 192], [342, 9658]], "compress_acc": 94.885, "compress_cm": [[9264, 736], [287, 9713]], "grayscale_acc": 85.8, "grayscale_cm": [[8871, 1129], [1711, 8289]], "colorjitter_acc": 97.07, "colorjitter_cm": [[9753, 247], [339, 9661]], "randomaffine_acc": 97.715, "randomaffine_cm": [[9802, 198], [259, 9741]], "linf_0.01568627450980392_acc": 9.27, "linf_0.01568627450980392_cm": [[0, 10000], [8146, 1854]], "linf_0.03137254901960784_acc": 4.845, "linf_0.03137254901960784_cm": [[0, 10000], [9031, 969]]}