{"1.4_acc": 86.455, "1.4_cm": [[8466, 1534], [1175, 8825]], "2.0_acc": 86.82, "2.0_cm": [[8539, 1461], [1175, 8825]], "2.1_acc": 86.295, "2.1_cm": [[8434, 1566], [1175, 8825]], "pad3_acc": 86.475, "pad3_cm": [[8609, 1391], [1314, 8686]], "pad10_acc": 86.34, "pad10_cm": [[8967, 1033], [1699, 8301]], "pad30_acc": 85.785, "pad30_cm": [[9302, 698], [2145, 7855]], "pad50_acc": 85.085, "pad50_cm": [[9286, 714], [2269, 7731]], "compress_acc": 86.34, "compress_cm": [[8441, 1559], [1173, 8827]], "grayscale_acc": 76.16, "grayscale_cm": [[5757, 4243], [525, 9475]], "colorjitter_acc": 83.895, "colorjitter_cm": [[8163, 1837], [1384, 8616]], "randomaffine_acc": 86.47, "randomaffine_cm": [[8789, 1211], [1495, 8505]], "linf_0.01568627450980392_acc": 13.555, "linf_0.01568627450980392_cm": [[839, 9161], [8128, 1872]], "linf_0.03137254901960784_acc": 9.615, "linf_0.03137254901960784_cm": [[680, 9320], [8757, 1243]]}