{"1.4_acc": 95.66, "1.4_cm": [[9385, 615], [253, 9747]], "2.0_acc": 98.05, "2.0_cm": [[9863, 137], [253, 9747]], "2.1_acc": 98.06, "2.1_cm": [[9865, 135], [253, 9747]], "pad3_acc": 97.995, "pad3_cm": [[9860, 140], [261, 9739]], "pad10_acc": 98.015, "pad10_cm": [[9833, 167], [230, 9770]], "pad30_acc": 97.945, "pad30_cm": [[9815, 185], [226, 9774]], "pad50_acc": 97.595, "pad50_cm": [[9834, 166], [315, 9685]], "compress_acc": 94.185, "compress_cm": [[9098, 902], [261, 9739]], "grayscale_acc": 84.78, "grayscale_cm": [[8865, 1135], [1909, 8091]], "colorjitter_acc": 97.24, "colorjitter_cm": [[9767, 233], [319, 9681]], "randomaffine_acc": 97.835, "randomaffine_cm": [[9844, 156], [277, 9723]], "linf_0.01568627450980392_acc": 11.88, "linf_0.01568627450980392_cm": [[1, 9999], [7625, 2375]], "linf_0.03137254901960784_acc": 7.31, "linf_0.03137254901960784_cm": [[1, 9999], [8539, 1461]]}