{"1.4_acc": 89.4, "1.4_cm": [[8878, 1122], [998, 9002]], "2.0_acc": 88.45, "2.0_cm": [[8688, 1312], [998, 9002]], "2.1_acc": 88.145, "2.1_cm": [[8627, 1373], [998, 9002]], "pad3_acc": 89.37, "pad3_cm": [[8918, 1082], [1044, 8956]], "pad10_acc": 84.57, "pad10_cm": [[9518, 482], [2604, 7396]], "pad30_acc": 63.955, "pad30_cm": [[9632, 368], [6841, 3159]], "pad50_acc": 73.92, "pad50_cm": [[7128, 2872], [2344, 7656]], "compress_acc": 88.99, "compress_cm": [[8836, 1164], [1038, 8962]], "grayscale_acc": 81.49, "grayscale_cm": [[6931, 3069], [633, 9367]], "colorjitter_acc": 87.53, "colorjitter_cm": [[8598, 1402], [1092, 8908]], "randomaffine_acc": 82.18, "randomaffine_cm": [[8838, 1162], [2402, 7598]], "linf_0.01568627450980392_acc": 43.555, "linf_0.01568627450980392_cm": [[7921, 2079], [9210, 790]], "linf_0.03137254901960784_acc": 32.205, "linf_0.03137254901960784_cm": [[5804, 4196], [9363, 637]]}