{"1.4_acc": 88.325, "1.4_cm": [[8928, 1072], [1263, 8737]], "2.0_acc": 88.535, "2.0_cm": [[8970, 1030], [1263, 8737]], "2.1_acc": 88.085, "2.1_cm": [[8880, 1120], [1263, 8737]], "pad3_acc": 88.36, "pad3_cm": [[8998, 1002], [1326, 8674]], "pad10_acc": 82.345, "pad10_cm": [[9473, 527], [3004, 6996]], "pad30_acc": 61.365, "pad30_cm": [[9562, 438], [7289, 2711]], "pad50_acc": 60.825, "pad50_cm": [[6956, 3044], [4791, 5209]], "compress_acc": 88.16, "compress_cm": [[8883, 1117], [1251, 8749]], "grayscale_acc": 79.695, "grayscale_cm": [[6677, 3323], [738, 9262]], "colorjitter_acc": 86.4, "colorjitter_cm": [[8638, 1362], [1358, 8642]], "randomaffine_acc": 76.765, "randomaffine_cm": [[8765, 1235], [3412, 6588]], "linf_0.01568627450980392_acc": 48.735, "linf_0.01568627450980392_cm": [[9052, 948], [9305, 695]], "linf_0.03137254901960784_acc": 43.72, "linf_0.03137254901960784_cm": [[8115, 1885], [9371, 629]]}