{"1.4_acc": 91.38, "1.4_cm": [[8488, 1512], [212, 9788]], "2.0_acc": 98.13, "2.0_cm": [[9838, 162], [212, 9788]], "2.1_acc": 98.31, "2.1_cm": [[9874, 126], [212, 9788]], "pad3_acc": 97.96, "pad3_cm": [[9899, 101], [307, 9693]], "pad10_acc": 92.38, "pad10_cm": [[9957, 43], [1481, 8519]], "pad30_acc": 92.905, "pad30_cm": [[9060, 940], [479, 9521]], "pad50_acc": 74.505, "pad50_cm": [[5013, 4987], [112, 9888]], "compress_acc": 96.74, "compress_cm": [[9642, 358], [294, 9706]], "grayscale_acc": 88.875, "grayscale_cm": [[8491, 1509], [716, 9284]], "colorjitter_acc": 97.605, "colorjitter_cm": [[9771, 229], [250, 9750]], "randomaffine_acc": 94.83, "randomaffine_cm": [[9433, 567], [467, 9533]], "linf_0.01568627450980392_acc": 7.975, "linf_0.01568627450980392_cm": [[591, 9409], [8996, 1004]], "linf_0.03137254901960784_acc": 5.04, "linf_0.03137254901960784_cm": [[292, 9708], [9284, 716]]}