{"1.4_acc": 86.38, "1.4_cm": [[9189, 811], [1913, 8087]], "2.0_acc": 86.96, "2.0_cm": [[9305, 695], [1913, 8087]], "2.1_acc": 86.785, "2.1_cm": [[9270, 730], [1913, 8087]], "pad3_acc": 85.845, "pad3_cm": [[9290, 710], [2121, 7879]], "pad10_acc": 78.885, "pad10_cm": [[9503, 497], [3726, 6274]], "pad30_acc": 59.465, "pad30_cm": [[9672, 328], [7779, 2221]], "pad50_acc": 59.12, "pad50_cm": [[8791, 1209], [6967, 3033]], "compress_acc": 86.37, "compress_cm": [[9152, 848], [1878, 8122]], "grayscale_acc": 79.74, "grayscale_cm": [[7155, 2845], [1207, 8793]], "colorjitter_acc": 84.745, "colorjitter_cm": [[8981, 1019], [2032, 7968]], "randomaffine_acc": 78.04, "randomaffine_cm": [[8645, 1355], [3037, 6963]], "linf_0.01568627450980392_acc": 45.365, "linf_0.01568627450980392_cm": [[8526, 1474], [9453, 547]], "linf_0.03137254901960784_acc": 41.195, "linf_0.03137254901960784_cm": [[7731, 2269], [9492, 508]]}